evaluation_category,month,event_type,variable_group,variable,value
,ALL,ALL,ALL,participant_instances,34619
,ALL,ALL,ALL,participants,16576
Community-led arts event,ALL,ALL,ALL,events,53
Digital,ALL,ALL,ALL,audience,8567
Digital,ALL,ALL,ALL,events,4
Digital,ALL,ALL,ALL,interactions,2717739
Digital,ALL,ALL,ALL,participants,1187
Exhibition,ALL,ALL,ALL,audience,1853791
Exhibition,ALL,ALL,ALL,events,2730
Exhibition,ALL,ALL,ALL,participant_instances,20758
Exhibition,ALL,ALL,ALL,participants,14777
Festival,ALL,ALL,ALL,audience,10714
Festival,ALL,ALL,ALL,events,113
Festival,ALL,ALL,ALL,participant_instances,134
Festival,ALL,ALL,ALL,participants,68
Film,ALL,ALL,ALL,audience,22356
Film,ALL,ALL,ALL,events,1457
Film,ALL,ALL,ALL,participant_instances,0
Film,ALL,ALL,ALL,participants,0
In-person,ALL,ALL,ALL,audience,881503
In-person,ALL,ALL,ALL,events,3453
In-person,ALL,ALL,ALL,participant_instances,124228
In-person,ALL,ALL,ALL,participants,63395
Training and skills development,ALL,ALL,ALL,events,435
,2024-04-01,ALL,ALL,participant_instances,25
,2024-04-01,ALL,ALL,participants,25
,2024-05-01,ALL,ALL,participant_instances,450
,2024-05-01,ALL,ALL,participants,150
,2024-06-01,ALL,ALL,participant_instances,234
,2024-06-01,ALL,ALL,participants,234
,2024-07-01,ALL,ALL,participant_instances,27
,2024-07-01,ALL,ALL,participants,27
,2024-09-01,ALL,ALL,participant_instances,1427
,2024-09-01,ALL,ALL,participants,1355
,2024-10-01,ALL,ALL,participant_instances,782
,2024-10-01,ALL,ALL,participants,725
,2024-11-01,ALL,ALL,participant_instances,351
,2024-11-01,ALL,ALL,participants,444
,2024-12-01,ALL,ALL,participant_instances,500
,2024-12-01,ALL,ALL,participants,262
,2025-01-01,ALL,ALL,participant_instances,923
,2025-01-01,ALL,ALL,participants,552
,2025-02-01,ALL,ALL,participant_instances,2375
,2025-02-01,ALL,ALL,participants,1130
,2025-03-01,ALL,ALL,participant_instances,1767
,2025-03-01,ALL,ALL,participants,573
,2025-04-01,ALL,ALL,participant_instances,1179
,2025-04-01,ALL,ALL,participants,695
,2025-05-01,ALL,ALL,participant_instances,1286
,2025-05-01,ALL,ALL,participants,315
,2025-06-01,ALL,ALL,participant_instances,5333
,2025-06-01,ALL,ALL,participants,2446
,2025-07-01,ALL,ALL,participant_instances,1679
,2025-07-01,ALL,ALL,participants,1055
,2025-08-01,ALL,ALL,participants,47
,2025-09-01,ALL,ALL,participant_instances,1559
,2025-09-01,ALL,ALL,participants,826
,2025-10-01,ALL,ALL,participant_instances,3457
,2025-10-01,ALL,ALL,participants,1824
,2025-11-01,ALL,ALL,participant_instances,6417
,2025-11-01,ALL,ALL,participants,2853
,2025-12-01,ALL,ALL,participant_instances,4848
,2025-12-01,ALL,ALL,participants,1038
Community-led arts event,2025-03-01,ALL,ALL,events,53
Digital,2024-05-01,ALL,ALL,interactions,11022
Digital,2024-06-01,ALL,ALL,events,0
Digital,2024-06-01,ALL,ALL,interactions,10296
Digital,2024-07-01,ALL,ALL,interactions,16449
Digital,2024-08-01,ALL,ALL,interactions,16679
Digital,2024-09-01,ALL,ALL,interactions,16339
Digital,2024-10-01,ALL,ALL,interactions,9699
Digital,2024-11-01,ALL,ALL,interactions,14176
Digital,2024-12-01,ALL,ALL,interactions,39919
Digital,2025-01-01,ALL,ALL,audience,0
Digital,2025-01-01,ALL,ALL,interactions,172684
Digital,2025-01-01,ALL,ALL,participants,106
Digital,2025-02-01,ALL,ALL,audience,0
Digital,2025-02-01,ALL,ALL,interactions,152417
Digital,2025-02-01,ALL,ALL,participants,89
Digital,2025-03-01,ALL,ALL,audience,0
Digital,2025-03-01,ALL,ALL,interactions,210613
Digital,2025-03-01,ALL,ALL,participants,95
Digital,2025-04-01,ALL,ALL,audience,2
Digital,2025-04-01,ALL,ALL,interactions,204063
Digital,2025-04-01,ALL,ALL,participants,28
Digital,2025-05-01,ALL,ALL,audience,1352
Digital,2025-05-01,ALL,ALL,interactions,375706
Digital,2025-05-01,ALL,ALL,participants,70
Digital,2025-06-01,ALL,ALL,audience,2305
Digital,2025-06-01,ALL,ALL,events,0
Digital,2025-06-01,ALL,ALL,interactions,193220
Digital,2025-06-01,ALL,ALL,participants,755
Digital,2025-07-01,ALL,ALL,audience,1516
Digital,2025-07-01,ALL,ALL,events,1
Digital,2025-07-01,ALL,ALL,interactions,267949
Digital,2025-07-01,ALL,ALL,participants,21
Digital,2025-08-01,ALL,ALL,audience,1892
Digital,2025-08-01,ALL,ALL,events,1
Digital,2025-08-01,ALL,ALL,interactions,268695
Digital,2025-08-01,ALL,ALL,participants,23
Digital,2025-09-01,ALL,ALL,audience,671
Digital,2025-09-01,ALL,ALL,events,1
Digital,2025-09-01,ALL,ALL,interactions,263348
Digital,2025-10-01,ALL,ALL,audience,829
Digital,2025-10-01,ALL,ALL,events,1
Digital,2025-10-01,ALL,ALL,interactions,224468
Digital,2025-11-01,ALL,ALL,interactions,217570
Digital,2025-12-01,ALL,ALL,interactions,32427
Exhibition,2024-04-01,ALL,ALL,audience,0
Exhibition,2024-04-01,ALL,ALL,events,1
Exhibition,2024-04-01,ALL,ALL,participant_instances,45
Exhibition,2024-04-01,ALL,ALL,participants,45
Exhibition,2024-05-01,ALL,ALL,audience,68443
Exhibition,2024-05-01,ALL,ALL,events,69
Exhibition,2024-05-01,ALL,ALL,participant_instances,20
Exhibition,2024-05-01,ALL,ALL,participants,20
Exhibition,2024-06-01,ALL,ALL,audience,20833
Exhibition,2024-06-01,ALL,ALL,events,65
Exhibition,2024-06-01,ALL,ALL,participant_instances,234
Exhibition,2024-06-01,ALL,ALL,participants,234
Exhibition,2024-07-01,ALL,ALL,audience,20833
Exhibition,2024-07-01,ALL,ALL,events,60
Exhibition,2024-07-01,ALL,ALL,participant_instances,27
Exhibition,2024-07-01,ALL,ALL,participants,27
Exhibition,2024-08-01,ALL,ALL,audience,20833
Exhibition,2024-08-01,ALL,ALL,events,58
Exhibition,2024-08-01,ALL,ALL,participant_instances,0
Exhibition,2024-08-01,ALL,ALL,participants,0
Exhibition,2024-09-01,ALL,ALL,audience,739505
Exhibition,2024-09-01,ALL,ALL,events,59
Exhibition,2024-09-01,ALL,ALL,participant_instances,0
Exhibition,2024-09-01,ALL,ALL,participants,0
Exhibition,2024-10-01,ALL,ALL,events,12
Exhibition,2024-11-01,ALL,ALL,audience,23710
Exhibition,2024-11-01,ALL,ALL,events,36
Exhibition,2024-11-01,ALL,ALL,participant_instances,181
Exhibition,2024-11-01,ALL,ALL,participants,181
Exhibition,2024-12-01,ALL,ALL,audience,22416
Exhibition,2024-12-01,ALL,ALL,events,35
Exhibition,2024-12-01,ALL,ALL,participant_instances,76
Exhibition,2024-12-01,ALL,ALL,participants,76
Exhibition,2025-01-01,ALL,ALL,audience,35281
Exhibition,2025-01-01,ALL,ALL,events,93
Exhibition,2025-01-01,ALL,ALL,participant_instances,262
Exhibition,2025-01-01,ALL,ALL,participants,262
Exhibition,2025-02-01,ALL,ALL,audience,43124
Exhibition,2025-02-01,ALL,ALL,events,393
Exhibition,2025-02-01,ALL,ALL,participant_instances,426
Exhibition,2025-02-01,ALL,ALL,participants,426
Exhibition,2025-03-01,ALL,ALL,audience,103007
Exhibition,2025-03-01,ALL,ALL,events,165
Exhibition,2025-03-01,ALL,ALL,participant_instances,1298
Exhibition,2025-03-01,ALL,ALL,participants,1233
Exhibition,2025-04-01,ALL,ALL,audience,63450
Exhibition,2025-04-01,ALL,ALL,events,166
Exhibition,2025-04-01,ALL,ALL,participant_instances,2076
Exhibition,2025-04-01,ALL,ALL,participants,1837
Exhibition,2025-05-01,ALL,ALL,audience,86997
Exhibition,2025-05-01,ALL,ALL,events,268
Exhibition,2025-05-01,ALL,ALL,participant_instances,948
Exhibition,2025-05-01,ALL,ALL,participants,815
Exhibition,2025-06-01,ALL,ALL,audience,63266
Exhibition,2025-06-01,ALL,ALL,events,192
Exhibition,2025-06-01,ALL,ALL,participant_instances,1620
Exhibition,2025-06-01,ALL,ALL,participants,568
Exhibition,2025-07-01,ALL,ALL,audience,86953
Exhibition,2025-07-01,ALL,ALL,events,216
Exhibition,2025-07-01,ALL,ALL,participant_instances,2092
Exhibition,2025-07-01,ALL,ALL,participants,1416
Exhibition,2025-08-01,ALL,ALL,audience,95882
Exhibition,2025-08-01,ALL,ALL,events,213
Exhibition,2025-08-01,ALL,ALL,participant_instances,1704
Exhibition,2025-08-01,ALL,ALL,participants,1357
Exhibition,2025-09-01,ALL,ALL,audience,73036
Exhibition,2025-09-01,ALL,ALL,events,181
Exhibition,2025-09-01,ALL,ALL,participant_instances,4204
Exhibition,2025-09-01,ALL,ALL,participants,3246
Exhibition,2025-10-01,ALL,ALL,audience,117704
Exhibition,2025-10-01,ALL,ALL,events,201
Exhibition,2025-10-01,ALL,ALL,participant_instances,2793
Exhibition,2025-10-01,ALL,ALL,participants,1551
Exhibition,2025-11-01,ALL,ALL,audience,167685
Exhibition,2025-11-01,ALL,ALL,events,199
Exhibition,2025-11-01,ALL,ALL,participant_instances,2212
Exhibition,2025-11-01,ALL,ALL,participants,1188
Exhibition,2025-12-01,ALL,ALL,audience,833
Exhibition,2025-12-01,ALL,ALL,events,48
Exhibition,2025-12-01,ALL,ALL,participant_instances,540
Exhibition,2025-12-01,ALL,ALL,participants,295
Festival,2025-04-01,ALL,ALL,audience,2444
Festival,2025-04-01,ALL,ALL,events,22
Festival,2025-04-01,ALL,ALL,participant_instances,99
Festival,2025-04-01,ALL,ALL,participants,33
Festival,2025-06-01,ALL,ALL,audience,3166
Festival,2025-06-01,ALL,ALL,events,28
Festival,2025-06-01,ALL,ALL,participant_instances,35
Festival,2025-06-01,ALL,ALL,participants,35
Festival,2025-07-01,ALL,ALL,audience,564
Festival,2025-07-01,ALL,ALL,events,4
Festival,2025-07-01,ALL,ALL,participant_instances,0
Festival,2025-07-01,ALL,ALL,participants,0
Festival,2025-08-01,ALL,ALL,audience,539
Festival,2025-08-01,ALL,ALL,events,4
Festival,2025-08-01,ALL,ALL,participant_instances,0
Festival,2025-08-01,ALL,ALL,participants,0
Festival,2025-09-01,ALL,ALL,audience,4001
Festival,2025-09-01,ALL,ALL,events,44
Festival,2025-09-01,ALL,ALL,participant_instances,0
Festival,2025-09-01,ALL,ALL,participants,0
Festival,2025-11-01,ALL,ALL,audience,0
Festival,2025-11-01,ALL,ALL,events,11
Festival,2025-11-01,ALL,ALL,participant_instances,0
Festival,2025-11-01,ALL,ALL,participants,0
Film,2024-06-01,ALL,ALL,audience,0
Film,2024-06-01,ALL,ALL,events,5
Film,2024-06-01,ALL,ALL,participant_instances,0
Film,2024-06-01,ALL,ALL,participants,0
Film,2025-01-01,ALL,ALL,audience,3397
Film,2025-01-01,ALL,ALL,events,151
Film,2025-01-01,ALL,ALL,participant_instances,0
Film,2025-01-01,ALL,ALL,participants,0
Film,2025-02-01,ALL,ALL,audience,1488
Film,2025-02-01,ALL,ALL,events,106
Film,2025-02-01,ALL,ALL,participant_instances,0
Film,2025-02-01,ALL,ALL,participants,0
Film,2025-03-01,ALL,ALL,audience,1148
Film,2025-03-01,ALL,ALL,events,137
Film,2025-03-01,ALL,ALL,participant_instances,0
Film,2025-03-01,ALL,ALL,participants,0
Film,2025-04-01,ALL,ALL,audience,3619
Film,2025-04-01,ALL,ALL,events,204
Film,2025-04-01,ALL,ALL,participant_instances,0
Film,2025-04-01,ALL,ALL,participants,0
Film,2025-05-01,ALL,ALL,audience,1841
Film,2025-05-01,ALL,ALL,events,138
Film,2025-05-01,ALL,ALL,participant_instances,0
Film,2025-05-01,ALL,ALL,participants,0
Film,2025-06-01,ALL,ALL,audience,2399
Film,2025-06-01,ALL,ALL,events,170
Film,2025-06-01,ALL,ALL,participant_instances,0
Film,2025-06-01,ALL,ALL,participants,0
Film,2025-07-01,ALL,ALL,audience,1100
Film,2025-07-01,ALL,ALL,events,127
Film,2025-07-01,ALL,ALL,participant_instances,0
Film,2025-07-01,ALL,ALL,participants,0
Film,2025-08-01,ALL,ALL,audience,3452
Film,2025-08-01,ALL,ALL,events,171
Film,2025-08-01,ALL,ALL,participant_instances,0
Film,2025-08-01,ALL,ALL,participants,0
Film,2025-09-01,ALL,ALL,audience,1379
Film,2025-09-01,ALL,ALL,events,105
Film,2025-09-01,ALL,ALL,participant_instances,0
Film,2025-09-01,ALL,ALL,participants,0
Film,2025-10-01,ALL,ALL,audience,2533
Film,2025-10-01,ALL,ALL,events,142
Film,2025-10-01,ALL,ALL,participant_instances,0
Film,2025-10-01,ALL,ALL,participants,0
Film,2025-11-01,ALL,ALL,audience,0
Film,2025-11-01,ALL,ALL,events,1
Film,2025-11-01,ALL,ALL,participant_instances,0
Film,2025-11-01,ALL,ALL,participants,0
In-person,2023-07-01,ALL,ALL,audience,250
In-person,2023-07-01,ALL,ALL,events,1
In-person,2023-11-01,ALL,ALL,audience,32000
In-person,2023-11-01,ALL,ALL,events,2
In-person,2023-11-01,ALL,ALL,participant_instances,0
In-person,2023-11-01,ALL,ALL,participants,0
In-person,2024-01-01,ALL,ALL,audience,0
In-person,2024-01-01,ALL,ALL,events,3
In-person,2024-01-01,ALL,ALL,participant_instances,45
In-person,2024-01-01,ALL,ALL,participants,27
In-person,2024-02-01,ALL,ALL,audience,0
In-person,2024-02-01,ALL,ALL,events,7
In-person,2024-02-01,ALL,ALL,participant_instances,59
In-person,2024-02-01,ALL,ALL,participants,40
In-person,2024-03-01,ALL,ALL,audience,0
In-person,2024-03-01,ALL,ALL,events,3
In-person,2024-03-01,ALL,ALL,participant_instances,79
In-person,2024-03-01,ALL,ALL,participants,79
In-person,2024-04-01,ALL,ALL,audience,0
In-person,2024-04-01,ALL,ALL,events,3
In-person,2024-04-01,ALL,ALL,participant_instances,32
In-person,2024-04-01,ALL,ALL,participants,30
In-person,2024-05-01,ALL,ALL,audience,325
In-person,2024-05-01,ALL,ALL,events,4
In-person,2024-05-01,ALL,ALL,participant_instances,476
In-person,2024-05-01,ALL,ALL,participants,176
In-person,2024-06-01,ALL,ALL,audience,0
In-person,2024-06-01,ALL,ALL,events,2
In-person,2024-06-01,ALL,ALL,participant_instances,69
In-person,2024-06-01,ALL,ALL,participants,49
In-person,2024-07-01,ALL,ALL,audience,250
In-person,2024-07-01,ALL,ALL,events,3
In-person,2024-07-01,ALL,ALL,participant_instances,6
In-person,2024-07-01,ALL,ALL,participants,6
In-person,2024-08-01,ALL,ALL,audience,10232
In-person,2024-08-01,ALL,ALL,events,18
In-person,2024-08-01,ALL,ALL,participant_instances,421
In-person,2024-08-01,ALL,ALL,participants,388
In-person,2024-09-01,ALL,ALL,audience,74
In-person,2024-09-01,ALL,ALL,events,47
In-person,2024-09-01,ALL,ALL,participant_instances,1427
In-person,2024-09-01,ALL,ALL,participants,1355
In-person,2024-10-01,ALL,ALL,audience,0
In-person,2024-10-01,ALL,ALL,events,37
In-person,2024-10-01,ALL,ALL,participant_instances,1027
In-person,2024-10-01,ALL,ALL,participants,902
In-person,2024-11-01,ALL,ALL,audience,280
In-person,2024-11-01,ALL,ALL,events,27
In-person,2024-11-01,ALL,ALL,participant_instances,840
In-person,2024-11-01,ALL,ALL,participants,143
In-person,2024-12-01,ALL,ALL,audience,20
In-person,2024-12-01,ALL,ALL,events,18
In-person,2024-12-01,ALL,ALL,participant_instances,985
In-person,2024-12-01,ALL,ALL,participants,157
In-person,2025-01-01,ALL,ALL,audience,50225
In-person,2025-01-01,ALL,ALL,events,67
In-person,2025-01-01,ALL,ALL,participant_instances,3266
In-person,2025-01-01,ALL,ALL,participants,1202
In-person,2025-02-01,ALL,ALL,audience,250450
In-person,2025-02-01,ALL,ALL,events,106
In-person,2025-02-01,ALL,ALL,participant_instances,3325
In-person,2025-02-01,ALL,ALL,participants,1505
In-person,2025-03-01,ALL,ALL,audience,5528
In-person,2025-03-01,ALL,ALL,events,177
In-person,2025-03-01,ALL,ALL,participant_instances,4887
In-person,2025-03-01,ALL,ALL,participants,1802
In-person,2025-04-01,ALL,ALL,audience,321519
In-person,2025-04-01,ALL,ALL,events,363
In-person,2025-04-01,ALL,ALL,participant_instances,11120
In-person,2025-04-01,ALL,ALL,participants,7044
In-person,2025-05-01,ALL,ALL,audience,101437
In-person,2025-05-01,ALL,ALL,events,387
In-person,2025-05-01,ALL,ALL,participant_instances,12852
In-person,2025-05-01,ALL,ALL,participants,7548
In-person,2025-06-01,ALL,ALL,audience,47769
In-person,2025-06-01,ALL,ALL,events,416
In-person,2025-06-01,ALL,ALL,participant_instances,15578
In-person,2025-06-01,ALL,ALL,participants,5902
In-person,2025-07-01,ALL,ALL,audience,19293
In-person,2025-07-01,ALL,ALL,events,369
In-person,2025-07-01,ALL,ALL,participant_instances,20782
In-person,2025-07-01,ALL,ALL,participants,11885
In-person,2025-08-01,ALL,ALL,audience,15596
In-person,2025-08-01,ALL,ALL,events,324
In-person,2025-08-01,ALL,ALL,participant_instances,15014
In-person,2025-08-01,ALL,ALL,participants,9523
In-person,2025-09-01,ALL,ALL,audience,7471
In-person,2025-09-01,ALL,ALL,events,319
In-person,2025-09-01,ALL,ALL,participant_instances,12615
In-person,2025-09-01,ALL,ALL,participants,6342
In-person,2025-10-01,ALL,ALL,audience,6743
In-person,2025-10-01,ALL,ALL,events,338
In-person,2025-10-01,ALL,ALL,participant_instances,7111
In-person,2025-10-01,ALL,ALL,participants,3641
In-person,2025-11-01,ALL,ALL,audience,11258
In-person,2025-11-01,ALL,ALL,events,361
In-person,2025-11-01,ALL,ALL,participant_instances,7727
In-person,2025-11-01,ALL,ALL,participants,2794
In-person,2025-12-01,ALL,ALL,audience,783
In-person,2025-12-01,ALL,ALL,events,51
In-person,2025-12-01,ALL,ALL,participant_instances,4485
In-person,2025-12-01,ALL,ALL,participants,855
Training and skills development,2025-05-01,ALL,ALL,events,390
Training and skills development,2025-06-01,ALL,ALL,events,24
Training and skills development,2025-07-01,ALL,ALL,events,19
Training and skills development,2025-08-01,ALL,ALL,events,1
Training and skills development,2025-09-01,ALL,ALL,events,1
,2024-04-01,ALL,cultural_learning,participant_instances,25
,2024-04-01,ALL,cultural_learning,participants,25
,2024-05-01,ALL,cultural_learning,participant_instances,450
,2024-05-01,ALL,cultural_learning,participants,150
,2024-06-01,ALL,cultural_learning,participant_instances,234
,2024-06-01,ALL,cultural_learning,participants,234
,2024-07-01,ALL,cultural_learning,participant_instances,27
,2024-07-01,ALL,cultural_learning,participants,27
,2024-09-01,ALL,cultural_learning,participant_instances,1427
,2024-09-01,ALL,cultural_learning,participants,1355
,2024-10-01,ALL,cultural_learning,participant_instances,782
,2024-10-01,ALL,cultural_learning,participants,725
,2024-11-01,ALL,cultural_learning,participant_instances,351
,2024-11-01,ALL,cultural_learning,participants,117
,2024-11-01,ALL,volunteers,participants,327
,2024-12-01,ALL,cultural_learning,participant_instances,500
,2024-12-01,ALL,cultural_learning,participants,155
,2024-12-01,ALL,volunteers,participants,107
,2025-01-01,ALL,cultural_learning,participant_instances,923
,2025-01-01,ALL,cultural_learning,participants,394
,2025-01-01,ALL,volunteers,participants,158
,2025-02-01,ALL,cultural_learning,participant_instances,2375
,2025-02-01,ALL,cultural_learning,participants,1083
,2025-02-01,ALL,volunteers,participants,47
,2025-03-01,ALL,cultural_learning,participant_instances,1767
,2025-03-01,ALL,cultural_learning,participants,500
,2025-03-01,ALL,volunteers,participants,73
,2025-04-01,ALL,cultural_learning,participant_instances,1179
,2025-04-01,ALL,cultural_learning,participants,641
,2025-04-01,ALL,volunteers,participants,54
,2025-05-01,ALL,cultural_learning,participant_instances,1286
,2025-05-01,ALL,cultural_learning,participants,218
,2025-05-01,ALL,volunteers,participants,97
,2025-06-01,ALL,cultural_learning,participant_instances,5333
,2025-06-01,ALL,cultural_learning,participants,2393
,2025-06-01,ALL,volunteers,participants,53
,2025-07-01,ALL,cultural_learning,participant_instances,1679
,2025-07-01,ALL,cultural_learning,participants,1004
,2025-07-01,ALL,volunteers,participants,51
,2025-08-01,ALL,volunteers,participants,47
,2025-09-01,ALL,cultural_learning,participant_instances,1559
,2025-09-01,ALL,cultural_learning,participants,765
,2025-09-01,ALL,volunteers,participants,61
,2025-10-01,ALL,cultural_learning,participant_instances,3457
,2025-10-01,ALL,cultural_learning,participants,1778
,2025-10-01,ALL,volunteers,participants,46
,2025-11-01,ALL,cultural_learning,participant_instances,6417
,2025-11-01,ALL,cultural_learning,participants,2810
,2025-11-01,ALL,volunteers,participants,43
,2025-12-01,ALL,cultural_learning,participant_instances,4848
,2025-12-01,ALL,cultural_learning,participants,1022
,2025-12-01,ALL,volunteers,participants,16
Community-led arts event,2025-03-01,ALL,,events,53
Digital,2024-05-01,ALL,,interactions,11022
Digital,2024-06-01,ALL,,events,0
Digital,2024-06-01,ALL,,interactions,10296
Digital,2024-07-01,ALL,,interactions,16449
Digital,2024-08-01,ALL,,interactions,16679
Digital,2024-09-01,ALL,,interactions,16339
Digital,2024-10-01,ALL,,interactions,9699
Digital,2024-11-01,ALL,,interactions,14176
Digital,2024-12-01,ALL,,interactions,39919
Digital,2025-01-01,ALL,,audience,0
Digital,2025-01-01,ALL,,interactions,172684
Digital,2025-01-01,ALL,cultural_learning,participants,106
Digital,2025-02-01,ALL,,audience,0
Digital,2025-02-01,ALL,,interactions,152417
Digital,2025-02-01,ALL,cultural_learning,participants,89
Digital,2025-03-01,ALL,,audience,0
Digital,2025-03-01,ALL,,interactions,210613
Digital,2025-03-01,ALL,cultural_learning,participants,95
Digital,2025-04-01,ALL,,audience,2
Digital,2025-04-01,ALL,,interactions,204063
Digital,2025-04-01,ALL,cultural_learning,participants,28
Digital,2025-05-01,ALL,,audience,1352
Digital,2025-05-01,ALL,,interactions,375706
Digital,2025-05-01,ALL,cultural_learning,participants,70
Digital,2025-06-01,ALL,,audience,2305
Digital,2025-06-01,ALL,,events,0
Digital,2025-06-01,ALL,,interactions,193220
Digital,2025-06-01,ALL,community_programme,participants,718
Digital,2025-06-01,ALL,cultural_learning,participants,37
Digital,2025-07-01,ALL,,audience,1516
Digital,2025-07-01,ALL,,events,1
Digital,2025-07-01,ALL,,interactions,267949
Digital,2025-07-01,ALL,cultural_learning,participants,21
Digital,2025-08-01,ALL,,audience,1892
Digital,2025-08-01,ALL,,events,1
Digital,2025-08-01,ALL,,interactions,268695
Digital,2025-08-01,ALL,cultural_learning,participants,23
Digital,2025-09-01,ALL,,audience,671
Digital,2025-09-01,ALL,,events,1
Digital,2025-09-01,ALL,,interactions,263348
Digital,2025-10-01,ALL,,audience,829
Digital,2025-10-01,ALL,,events,1
Digital,2025-10-01,ALL,,interactions,224468
Digital,2025-11-01,ALL,,interactions,217570
Digital,2025-12-01,ALL,,interactions,32427
Exhibition,2024-04-01,ALL,,audience,0
Exhibition,2024-04-01,ALL,,events,1
Exhibition,2024-04-01,ALL,community_programme,participant_instances,45
Exhibition,2024-04-01,ALL,community_programme,participants,45
Exhibition,2024-05-01,ALL,,audience,68443
Exhibition,2024-05-01,ALL,,events,69
Exhibition,2024-05-01,ALL,community_programme,participant_instances,20
Exhibition,2024-05-01,ALL,community_programme,participants,20
Exhibition,2024-06-01,ALL,,audience,20833
Exhibition,2024-06-01,ALL,,events,65
Exhibition,2024-06-01,ALL,community_programme,participant_instances,234
Exhibition,2024-06-01,ALL,community_programme,participants,234
Exhibition,2024-07-01,ALL,,audience,20833
Exhibition,2024-07-01,ALL,,events,60
Exhibition,2024-07-01,ALL,community_programme,participant_instances,27
Exhibition,2024-07-01,ALL,community_programme,participants,27
Exhibition,2024-08-01,ALL,,audience,20833
Exhibition,2024-08-01,ALL,,events,58
Exhibition,2024-08-01,ALL,community_programme,participant_instances,0
Exhibition,2024-08-01,ALL,community_programme,participants,0
Exhibition,2024-09-01,ALL,,audience,739505
Exhibition,2024-09-01,ALL,,events,59
Exhibition,2024-09-01,ALL,community_programme,participant_instances,0
Exhibition,2024-09-01,ALL,community_programme,participants,0
Exhibition,2024-10-01,ALL,,events,12
Exhibition,2024-11-01,ALL,,audience,23710
Exhibition,2024-11-01,ALL,,events,36
Exhibition,2024-11-01,ALL,community_programme,participant_instances,181
Exhibition,2024-11-01,ALL,community_programme,participants,181
Exhibition,2024-12-01,ALL,,audience,22416
Exhibition,2024-12-01,ALL,,events,35
Exhibition,2024-12-01,ALL,community_programme,participant_instances,76
Exhibition,2024-12-01,ALL,community_programme,participants,76
Exhibition,2025-01-01,ALL,,audience,35281
Exhibition,2025-01-01,ALL,,events,93
Exhibition,2025-01-01,ALL,community_programme,participant_instances,262
Exhibition,2025-01-01,ALL,community_programme,participants,262
Exhibition,2025-02-01,ALL,,audience,43124
Exhibition,2025-02-01,ALL,,events,393
Exhibition,2025-02-01,ALL,community_programme,participant_instances,426
Exhibition,2025-02-01,ALL,community_programme,participants,426
Exhibition,2025-03-01,ALL,,audience,103007
Exhibition,2025-03-01,ALL,,events,165
Exhibition,2025-03-01,ALL,community_programme,participant_instances,1298
Exhibition,2025-03-01,ALL,community_programme,participants,1233
Exhibition,2025-04-01,ALL,,audience,63450
Exhibition,2025-04-01,ALL,,events,166
Exhibition,2025-04-01,ALL,community_programme,participant_instances,2076
Exhibition,2025-04-01,ALL,community_programme,participants,1837
Exhibition,2025-05-01,ALL,,audience,86997
Exhibition,2025-05-01,ALL,,events,268
Exhibition,2025-05-01,ALL,community_programme,participant_instances,948
Exhibition,2025-05-01,ALL,community_programme,participants,815
Exhibition,2025-06-01,ALL,,audience,63266
Exhibition,2025-06-01,ALL,,events,192
Exhibition,2025-06-01,ALL,community_programme,participant_instances,1620
Exhibition,2025-06-01,ALL,community_programme,participants,568
Exhibition,2025-07-01,ALL,,audience,86953
Exhibition,2025-07-01,ALL,,events,216
Exhibition,2025-07-01,ALL,community_programme,participant_instances,2092
Exhibition,2025-07-01,ALL,community_programme,participants,1416
Exhibition,2025-08-01,ALL,,audience,95882
Exhibition,2025-08-01,ALL,,events,213
Exhibition,2025-08-01,ALL,community_programme,participant_instances,1704
Exhibition,2025-08-01,ALL,community_programme,participants,1357
Exhibition,2025-09-01,ALL,,audience,73036
Exhibition,2025-09-01,ALL,,events,181
Exhibition,2025-09-01,ALL,community_programme,participant_instances,4204
Exhibition,2025-09-01,ALL,community_programme,participants,3246
Exhibition,2025-10-01,ALL,,audience,117704
Exhibition,2025-10-01,ALL,,events,201
Exhibition,2025-10-01,ALL,community_programme,participant_instances,2793
Exhibition,2025-10-01,ALL,community_programme,participants,1551
Exhibition,2025-11-01,ALL,,audience,167685
Exhibition,2025-11-01,ALL,,events,199
Exhibition,2025-11-01,ALL,community_programme,participant_instances,2212
Exhibition,2025-11-01,ALL,community_programme,participants,1188
Exhibition,2025-12-01,ALL,,audience,833
Exhibition,2025-12-01,ALL,,events,48
Exhibition,2025-12-01,ALL,community_programme,participant_instances,540
Exhibition,2025-12-01,ALL,community_programme,participants,295
Festival,2025-04-01,ALL,,audience,2444
Festival,2025-04-01,ALL,,events,22
Festival,2025-04-01,ALL,community_programme,participant_instances,99
Festival,2025-04-01,ALL,community_programme,participants,33
Festival,2025-06-01,ALL,,audience,3166
Festival,2025-06-01,ALL,,events,28
Festival,2025-06-01,ALL,community_programme,participant_instances,35
Festival,2025-06-01,ALL,community_programme,participants,35
Festival,2025-07-01,ALL,,audience,564
Festival,2025-07-01,ALL,,events,4
Festival,2025-07-01,ALL,community_programme,participant_instances,0
Festival,2025-07-01,ALL,community_programme,participants,0
Festival,2025-08-01,ALL,,audience,539
Festival,2025-08-01,ALL,,events,4
Festival,2025-08-01,ALL,community_programme,participant_instances,0
Festival,2025-08-01,ALL,community_programme,participants,0
Festival,2025-09-01,ALL,,audience,4001
Festival,2025-09-01,ALL,,events,44
Festival,2025-09-01,ALL,community_programme,participant_instances,0
Festival,2025-09-01,ALL,community_programme,participants,0
Festival,2025-11-01,ALL,,audience,0
Festival,2025-11-01,ALL,,events,11
Festival,2025-11-01,ALL,community_programme,participant_instances,0
Festival,2025-11-01,ALL,community_programme,participants,0
Film,2024-06-01,ALL,,audience,0
Film,2024-06-01,ALL,,events,5
Film,2024-06-01,ALL,community_programme,participant_instances,0
Film,2024-06-01,ALL,community_programme,participants,0
Film,2025-01-01,ALL,,audience,3397
Film,2025-01-01,ALL,,events,151
Film,2025-01-01,ALL,community_programme,participant_instances,0
Film,2025-01-01,ALL,community_programme,participants,0
Film,2025-02-01,ALL,,audience,1488
Film,2025-02-01,ALL,,events,106
Film,2025-02-01,ALL,community_programme,participant_instances,0
Film,2025-02-01,ALL,community_programme,participants,0
Film,2025-03-01,ALL,,audience,1148
Film,2025-03-01,ALL,,events,137
Film,2025-03-01,ALL,community_programme,participant_instances,0
Film,2025-03-01,ALL,community_programme,participants,0
Film,2025-04-01,ALL,,audience,3619
Film,2025-04-01,ALL,,events,204
Film,2025-04-01,ALL,community_programme,participant_instances,0
Film,2025-04-01,ALL,community_programme,participants,0
Film,2025-05-01,ALL,,audience,1841
Film,2025-05-01,ALL,,events,138
Film,2025-05-01,ALL,community_programme,participant_instances,0
Film,2025-05-01,ALL,community_programme,participants,0
Film,2025-06-01,ALL,,audience,2399
Film,2025-06-01,ALL,,events,170
Film,2025-06-01,ALL,community_programme,participant_instances,0
Film,2025-06-01,ALL,community_programme,participants,0
Film,2025-07-01,ALL,,audience,1100
Film,2025-07-01,ALL,,events,127
Film,2025-07-01,ALL,community_programme,participant_instances,0
Film,2025-07-01,ALL,community_programme,participants,0
Film,2025-08-01,ALL,,audience,3452
Film,2025-08-01,ALL,,events,171
Film,2025-08-01,ALL,community_programme,participant_instances,0
Film,2025-08-01,ALL,community_programme,participants,0
Film,2025-09-01,ALL,,audience,1379
Film,2025-09-01,ALL,,events,105
Film,2025-09-01,ALL,community_programme,participant_instances,0
Film,2025-09-01,ALL,community_programme,participants,0
Film,2025-10-01,ALL,,audience,2533
Film,2025-10-01,ALL,,events,142
Film,2025-10-01,ALL,community_programme,participant_instances,0
Film,2025-10-01,ALL,community_programme,participants,0
Film,2025-11-01,ALL,,audience,0
Film,2025-11-01,ALL,,events,1
Film,2025-11-01,ALL,community_programme,participant_instances,0
Film,2025-11-01,ALL,community_programme,participants,0
In-person,2023-07-01,ALL,,audience,250
In-person,2023-07-01,ALL,,events,1
In-person,2023-11-01,ALL,,audience,32000
In-person,2023-11-01,ALL,,events,2
In-person,2023-11-01,ALL,community_programme,participant_instances,0
In-person,2023-11-01,ALL,community_programme,participants,0
In-person,2024-01-01,ALL,,audience,0
In-person,2024-01-01,ALL,,events,3
In-person,2024-01-01,ALL,community_programme,participant_instances,45
In-person,2024-01-01,ALL,community_programme,participants,27
In-person,2024-02-01,ALL,,audience,0
In-person,2024-02-01,ALL,,events,7
In-person,2024-02-01,ALL,community_programme,participant_instances,59
In-person,2024-02-01,ALL,community_programme,participants,40
In-person,2024-03-01,ALL,,audience,0
In-person,2024-03-01,ALL,,events,3
In-person,2024-03-01,ALL,community_programme,participant_instances,79
In-person,2024-03-01,ALL,community_programme,participants,79
In-person,2024-04-01,ALL,,audience,0
In-person,2024-04-01,ALL,,events,3
In-person,2024-04-01,ALL,community_programme,participant_instances,32
In-person,2024-04-01,ALL,community_programme,participants,30
In-person,2024-05-01,ALL,,audience,325
In-person,2024-05-01,ALL,,events,4
In-person,2024-05-01,ALL,community_programme,participant_instances,476
In-person,2024-05-01,ALL,community_programme,participants,176
In-person,2024-06-01,ALL,,audience,0
In-person,2024-06-01,ALL,,events,2
In-person,2024-06-01,ALL,community_programme,participant_instances,69
In-person,2024-06-01,ALL,community_programme,participants,49
In-person,2024-07-01,ALL,,audience,250
In-person,2024-07-01,ALL,,events,3
In-person,2024-07-01,ALL,community_programme,participant_instances,6
In-person,2024-07-01,ALL,community_programme,participants,6
In-person,2024-08-01,ALL,,audience,10232
In-person,2024-08-01,ALL,,events,18
In-person,2024-08-01,ALL,community_programme,participant_instances,421
In-person,2024-08-01,ALL,community_programme,participants,388
In-person,2024-09-01,ALL,,audience,74
In-person,2024-09-01,ALL,,events,47
In-person,2024-09-01,ALL,community_programme,participant_instances,1427
In-person,2024-09-01,ALL,community_programme,participants,1355
In-person,2024-10-01,ALL,,audience,0
In-person,2024-10-01,ALL,,events,37
In-person,2024-10-01,ALL,community_programme,participant_instances,1027
In-person,2024-10-01,ALL,community_programme,participants,902
In-person,2024-11-01,ALL,,audience,280
In-person,2024-11-01,ALL,,events,27
In-person,2024-11-01,ALL,community_programme,participant_instances,840
In-person,2024-11-01,ALL,community_programme,participants,143
In-person,2024-12-01,ALL,,audience,20
In-person,2024-12-01,ALL,,events,18
In-person,2024-12-01,ALL,community_programme,participant_instances,985
In-person,2024-12-01,ALL,community_programme,participants,157
In-person,2025-01-01,ALL,,audience,50225
In-person,2025-01-01,ALL,,events,67
In-person,2025-01-01,ALL,community_programme,participant_instances,3266
In-person,2025-01-01,ALL,community_programme,participants,1202
In-person,2025-02-01,ALL,,audience,250450
In-person,2025-02-01,ALL,,events,106
In-person,2025-02-01,ALL,community_programme,participant_instances,3325
In-person,2025-02-01,ALL,community_programme,participants,1505
In-person,2025-03-01,ALL,,audience,5528
In-person,2025-03-01,ALL,,events,177
In-person,2025-03-01,ALL,community_programme,participant_instances,4887
In-person,2025-03-01,ALL,community_programme,participants,1802
In-person,2025-04-01,ALL,,audience,321519
In-person,2025-04-01,ALL,,events,363
In-person,2025-04-01,ALL,community_programme,participant_instances,11120
In-person,2025-04-01,ALL,community_programme,participants,7044
In-person,2025-05-01,ALL,,audience,101437
In-person,2025-05-01,ALL,,events,387
In-person,2025-05-01,ALL,community_programme,participant_instances,12852
In-person,2025-05-01,ALL,community_programme,participants,7548
In-person,2025-06-01,ALL,,audience,47769
In-person,2025-06-01,ALL,,events,416
In-person,2025-06-01,ALL,community_programme,participant_instances,15578
In-person,2025-06-01,ALL,community_programme,participants,5902
In-person,2025-07-01,ALL,,audience,19293
In-person,2025-07-01,ALL,,events,369
In-person,2025-07-01,ALL,community_programme,participant_instances,20782
In-person,2025-07-01,ALL,community_programme,participants,11885
In-person,2025-08-01,ALL,,audience,15596
In-person,2025-08-01,ALL,,events,324
In-person,2025-08-01,ALL,community_programme,participant_instances,15014
In-person,2025-08-01,ALL,community_programme,participants,9523
In-person,2025-09-01,ALL,,audience,7471
In-person,2025-09-01,ALL,,events,319
In-person,2025-09-01,ALL,community_programme,participant_instances,12615
In-person,2025-09-01,ALL,community_programme,participants,6342
In-person,2025-10-01,ALL,,audience,6743
In-person,2025-10-01,ALL,,events,338
In-person,2025-10-01,ALL,community_programme,participant_instances,7111
In-person,2025-10-01,ALL,community_programme,participants,3641
In-person,2025-11-01,ALL,,audience,11258
In-person,2025-11-01,ALL,,events,361
In-person,2025-11-01,ALL,community_programme,participant_instances,7727
In-person,2025-11-01,ALL,community_programme,participants,2794
In-person,2025-12-01,ALL,,audience,783
In-person,2025-12-01,ALL,,events,51
In-person,2025-12-01,ALL,community_programme,participant_instances,4485
In-person,2025-12-01,ALL,community_programme,participants,855
Training and skills development,2025-05-01,ALL,,events,390
Training and skills development,2025-06-01,ALL,,events,24
Training and skills development,2025-07-01,ALL,,events,19
Training and skills development,2025-08-01,ALL,,events,1
Training and skills development,2025-09-01,ALL,,events,1
,2024-04-01,,ALL,participant_instances,25
,2024-04-01,,ALL,participants,25
,2024-05-01,,ALL,participant_instances,450
,2024-05-01,,ALL,participants,150
,2024-06-01,,ALL,participant_instances,234
,2024-06-01,,ALL,participants,234
,2024-07-01,,ALL,participant_instances,27
,2024-07-01,,ALL,participants,27
,2024-09-01,,ALL,participant_instances,1427
,2024-09-01,,ALL,participants,1355
,2024-10-01,,ALL,participant_instances,782
,2024-10-01,,ALL,participants,725
,2024-11-01,,ALL,participant_instances,351
,2024-11-01,,ALL,participants,444
,2024-12-01,,ALL,participant_instances,500
,2024-12-01,,ALL,participants,262
,2025-01-01,,ALL,participant_instances,923
,2025-01-01,,ALL,participants,552
,2025-02-01,,ALL,participant_instances,2375
,2025-02-01,,ALL,participants,1130
,2025-03-01,,ALL,participant_instances,1767
,2025-03-01,,ALL,participants,573
,2025-04-01,,ALL,participant_instances,1179
,2025-04-01,,ALL,participants,695
,2025-05-01,,ALL,participant_instances,1286
,2025-05-01,,ALL,participants,315
,2025-06-01,,ALL,participant_instances,5333
,2025-06-01,,ALL,participants,2446
,2025-07-01,,ALL,participant_instances,1679
,2025-07-01,,ALL,participants,1055
,2025-08-01,,ALL,participants,47
,2025-09-01,,ALL,participant_instances,1559
,2025-09-01,,ALL,participants,826
,2025-10-01,,ALL,participant_instances,3457
,2025-10-01,,ALL,participants,1824
,2025-11-01,,ALL,participant_instances,6417
,2025-11-01,,ALL,participants,2853
,2025-12-01,,ALL,participant_instances,4848
,2025-12-01,,ALL,participants,1038
Community-led arts event,2025-03-01,,ALL,events,53
Digital,2024-05-01,,ALL,interactions,11022
Digital,2024-06-01,,ALL,events,0
Digital,2024-06-01,,ALL,interactions,10296
Digital,2024-07-01,,ALL,interactions,16449
Digital,2024-08-01,,ALL,interactions,16679
Digital,2024-09-01,,ALL,interactions,16339
Digital,2024-10-01,,ALL,interactions,9699
Digital,2024-11-01,,ALL,interactions,14176
Digital,2024-12-01,,ALL,interactions,39919
Digital,2025-01-01,,ALL,audience,0
Digital,2025-01-01,,ALL,interactions,172684
Digital,2025-01-01,,ALL,participants,106
Digital,2025-02-01,,ALL,audience,0
Digital,2025-02-01,,ALL,interactions,152417
Digital,2025-02-01,,ALL,participants,89
Digital,2025-03-01,,ALL,audience,0
Digital,2025-03-01,,ALL,interactions,210613
Digital,2025-03-01,,ALL,participants,95
Digital,2025-04-01,,ALL,audience,2
Digital,2025-04-01,,ALL,interactions,204063
Digital,2025-04-01,,ALL,participants,28
Digital,2025-05-01,,ALL,audience,1352
Digital,2025-05-01,,ALL,interactions,375706
Digital,2025-05-01,,ALL,participants,70
Digital,2025-06-01,,ALL,audience,2305
Digital,2025-06-01,,ALL,events,0
Digital,2025-06-01,,ALL,interactions,193220
Digital,2025-06-01,,ALL,participants,755
Digital,2025-07-01,,ALL,audience,1516
Digital,2025-07-01,,ALL,events,1
Digital,2025-07-01,,ALL,interactions,267949
Digital,2025-07-01,,ALL,participants,21
Digital,2025-08-01,,ALL,audience,1892
Digital,2025-08-01,,ALL,events,1
Digital,2025-08-01,,ALL,interactions,268695
Digital,2025-08-01,,ALL,participants,23
Digital,2025-09-01,,ALL,audience,671
Digital,2025-09-01,,ALL,events,1
Digital,2025-09-01,,ALL,interactions,263348
Digital,2025-10-01,,ALL,audience,829
Digital,2025-10-01,,ALL,events,1
Digital,2025-10-01,,ALL,interactions,224468
Digital,2025-11-01,,ALL,interactions,217570
Digital,2025-12-01,,ALL,interactions,32427
Exhibition,2024-04-01,Closed,ALL,audience,0
Exhibition,2024-04-01,Closed,ALL,events,1
Exhibition,2024-04-01,Closed,ALL,participant_instances,45
Exhibition,2024-04-01,Closed,ALL,participants,45
Exhibition,2024-05-01,,ALL,audience,0
Exhibition,2024-05-01,,ALL,events,13
Exhibition,2024-05-01,,ALL,participant_instances,0
Exhibition,2024-05-01,,ALL,participants,0
Exhibition,2024-05-01,Closed,ALL,audience,0
Exhibition,2024-05-01,Closed,ALL,events,3
Exhibition,2024-05-01,Closed,ALL,participant_instances,20
Exhibition,2024-05-01,Closed,ALL,participants,20
Exhibition,2024-05-01,Open,ALL,audience,68443
Exhibition,2024-05-01,Open,ALL,events,53
Exhibition,2024-05-01,Open,ALL,participant_instances,0
Exhibition,2024-05-01,Open,ALL,participants,0
Exhibition,2024-06-01,,ALL,audience,0
Exhibition,2024-06-01,,ALL,events,28
Exhibition,2024-06-01,,ALL,participant_instances,0
Exhibition,2024-06-01,,ALL,participants,0
Exhibition,2024-06-01,Closed,ALL,audience,0
Exhibition,2024-06-01,Closed,ALL,events,6
Exhibition,2024-06-01,Closed,ALL,participant_instances,234
Exhibition,2024-06-01,Closed,ALL,participants,234
Exhibition,2024-06-01,Open,ALL,audience,20833
Exhibition,2024-06-01,Open,ALL,events,31
Exhibition,2024-06-01,Open,ALL,participant_instances,0
Exhibition,2024-06-01,Open,ALL,participants,0
Exhibition,2024-07-01,,ALL,audience,0
Exhibition,2024-07-01,,ALL,events,27
Exhibition,2024-07-01,,ALL,participant_instances,0
Exhibition,2024-07-01,,ALL,participants,0
Exhibition,2024-07-01,Closed,ALL,audience,0
Exhibition,2024-07-01,Closed,ALL,events,2
Exhibition,2024-07-01,Closed,ALL,participant_instances,27
Exhibition,2024-07-01,Closed,ALL,participants,27
Exhibition,2024-07-01,Open,ALL,audience,20833
Exhibition,2024-07-01,Open,ALL,events,31
Exhibition,2024-07-01,Open,ALL,participant_instances,0
Exhibition,2024-07-01,Open,ALL,participants,0
Exhibition,2024-08-01,,ALL,audience,0
Exhibition,2024-08-01,,ALL,events,28
Exhibition,2024-08-01,,ALL,participant_instances,0
Exhibition,2024-08-01,,ALL,participants,0
Exhibition,2024-08-01,Open,ALL,audience,20833
Exhibition,2024-08-01,Open,ALL,events,30
Exhibition,2024-08-01,Open,ALL,participant_instances,0
Exhibition,2024-08-01,Open,ALL,participants,0
Exhibition,2024-09-01,,ALL,audience,0
Exhibition,2024-09-01,,ALL,events,26
Exhibition,2024-09-01,,ALL,participant_instances,0
Exhibition,2024-09-01,,ALL,participants,0
Exhibition,2024-09-01,Closed,ALL,audience,42
Exhibition,2024-09-01,Closed,ALL,events,1
Exhibition,2024-09-01,Closed,ALL,participant_instances,0
Exhibition,2024-09-01,Closed,ALL,participants,0
Exhibition,2024-09-01,Open,ALL,audience,739463
Exhibition,2024-09-01,Open,ALL,events,32
Exhibition,2024-09-01,Open,ALL,participant_instances,0
Exhibition,2024-09-01,Open,ALL,participants,0
Exhibition,2024-10-01,,ALL,events,12
Exhibition,2024-11-01,Closed,ALL,audience,0
Exhibition,2024-11-01,Closed,ALL,events,5
Exhibition,2024-11-01,Closed,ALL,participant_instances,128
Exhibition,2024-11-01,Closed,ALL,participants,128
Exhibition,2024-11-01,Open,ALL,audience,23710
Exhibition,2024-11-01,Open,ALL,events,31
Exhibition,2024-11-01,Open,ALL,participant_instances,53
Exhibition,2024-11-01,Open,ALL,participants,53
Exhibition,2024-12-01,Closed,ALL,audience,0
Exhibition,2024-12-01,Closed,ALL,events,4
Exhibition,2024-12-01,Closed,ALL,participant_instances,76
Exhibition,2024-12-01,Closed,ALL,participants,76
Exhibition,2024-12-01,Open,ALL,audience,22416
Exhibition,2024-12-01,Open,ALL,events,31
Exhibition,2024-12-01,Open,ALL,participant_instances,0
Exhibition,2024-12-01,Open,ALL,participants,0
Exhibition,2025-01-01,,ALL,audience,11350
Exhibition,2025-01-01,,ALL,events,54
Exhibition,2025-01-01,,ALL,participant_instances,0
Exhibition,2025-01-01,,ALL,participants,0
Exhibition,2025-01-01,Closed,ALL,audience,0
Exhibition,2025-01-01,Closed,ALL,events,7
Exhibition,2025-01-01,Closed,ALL,participant_instances,262
Exhibition,2025-01-01,Closed,ALL,participants,262
Exhibition,2025-01-01,Open,ALL,audience,23931
Exhibition,2025-01-01,Open,ALL,events,32
Exhibition,2025-01-01,Open,ALL,participant_instances,0
Exhibition,2025-01-01,Open,ALL,participants,0
Exhibition,2025-02-01,,ALL,audience,15276
Exhibition,2025-02-01,,ALL,events,79
Exhibition,2025-02-01,,ALL,participant_instances,0
Exhibition,2025-02-01,,ALL,participants,0
Exhibition,2025-02-01,Closed,ALL,audience,0
Exhibition,2025-02-01,Closed,ALL,events,16
Exhibition,2025-02-01,Closed,ALL,participant_instances,426
Exhibition,2025-02-01,Closed,ALL,participants,426
Exhibition,2025-02-01,Open,ALL,audience,27848
Exhibition,2025-02-01,Open,ALL,events,298
Exhibition,2025-02-01,Open,ALL,participant_instances,0
Exhibition,2025-02-01,Open,ALL,participants,0
Exhibition,2025-03-01,,ALL,audience,34349
Exhibition,2025-03-01,,ALL,events,83
Exhibition,2025-03-01,,ALL,participant_instances,0
Exhibition,2025-03-01,,ALL,participants,0
Exhibition,2025-03-01,Closed,ALL,audience,0
Exhibition,2025-03-01,Closed,ALL,events,3
Exhibition,2025-03-01,Closed,ALL,participant_instances,1298
Exhibition,2025-03-01,Closed,ALL,participants,1233
Exhibition,2025-03-01,Open,ALL,audience,68658
Exhibition,2025-03-01,Open,ALL,events,79
Exhibition,2025-03-01,Open,ALL,participant_instances,0
Exhibition,2025-03-01,Open,ALL,participants,0
Exhibition,2025-04-01,,ALL,audience,35381
Exhibition,2025-04-01,,ALL,events,109
Exhibition,2025-04-01,,ALL,participant_instances,0
Exhibition,2025-04-01,,ALL,participants,0
Exhibition,2025-04-01,Closed,ALL,audience,0
Exhibition,2025-04-01,Closed,ALL,events,11
Exhibition,2025-04-01,Closed,ALL,participant_instances,1501
Exhibition,2025-04-01,Closed,ALL,participants,1262
Exhibition,2025-04-01,Open,ALL,audience,28069
Exhibition,2025-04-01,Open,ALL,events,46
Exhibition,2025-04-01,Open,ALL,participant_instances,575
Exhibition,2025-04-01,Open,ALL,participants,575
Exhibition,2025-05-01,,ALL,audience,25759
Exhibition,2025-05-01,,ALL,events,67
Exhibition,2025-05-01,,ALL,participant_instances,0
Exhibition,2025-05-01,,ALL,participants,0
Exhibition,2025-05-01,Closed,ALL,audience,0
Exhibition,2025-05-01,Closed,ALL,events,9
Exhibition,2025-05-01,Closed,ALL,participant_instances,311
Exhibition,2025-05-01,Closed,ALL,participants,178
Exhibition,2025-05-01,Open,ALL,audience,61238
Exhibition,2025-05-01,Open,ALL,events,192
Exhibition,2025-05-01,Open,ALL,participant_instances,637
Exhibition,2025-05-01,Open,ALL,participants,637
Exhibition,2025-06-01,,ALL,audience,33680
Exhibition,2025-06-01,,ALL,events,115
Exhibition,2025-06-01,,ALL,participant_instances,0
Exhibition,2025-06-01,,ALL,participants,0
Exhibition,2025-06-01,Closed,ALL,audience,0
Exhibition,2025-06-01,Closed,ALL,events,31
Exhibition,2025-06-01,Closed,ALL,participant_instances,1408
Exhibition,2025-06-01,Closed,ALL,participants,356
Exhibition,2025-06-01,Open,ALL,audience,29586
Exhibition,2025-06-01,Open,ALL,events,46
Exhibition,2025-06-01,Open,ALL,participant_instances,212
Exhibition,2025-06-01,Open,ALL,participants,212
Exhibition,2025-07-01,,ALL,audience,39267
Exhibition,2025-07-01,,ALL,events,140
Exhibition,2025-07-01,,ALL,participant_instances,0
Exhibition,2025-07-01,,ALL,participants,0
Exhibition,2025-07-01,Closed,ALL,audience,0
Exhibition,2025-07-01,Closed,ALL,events,21
Exhibition,2025-07-01,Closed,ALL,participant_instances,844
Exhibition,2025-07-01,Closed,ALL,participants,546
Exhibition,2025-07-01,Open,ALL,audience,47686
Exhibition,2025-07-01,Open,ALL,events,55
Exhibition,2025-07-01,Open,ALL,participant_instances,1248
Exhibition,2025-07-01,Open,ALL,participants,870
Exhibition,2025-08-01,,ALL,audience,46544
Exhibition,2025-08-01,,ALL,events,151
Exhibition,2025-08-01,,ALL,participant_instances,0
Exhibition,2025-08-01,,ALL,participants,0
Exhibition,2025-08-01,Closed,ALL,audience,0
Exhibition,2025-08-01,Closed,ALL,events,4
Exhibition,2025-08-01,Closed,ALL,participant_instances,298
Exhibition,2025-08-01,Closed,ALL,participants,223
Exhibition,2025-08-01,Open,ALL,audience,49338
Exhibition,2025-08-01,Open,ALL,events,58
Exhibition,2025-08-01,Open,ALL,participant_instances,1406
Exhibition,2025-08-01,Open,ALL,participants,1134
Exhibition,2025-09-01,,ALL,audience,11862
Exhibition,2025-09-01,,ALL,events,95
Exhibition,2025-09-01,,ALL,participant_instances,0
Exhibition,2025-09-01,,ALL,participants,0
Exhibition,2025-09-01,Closed,ALL,audience,0
Exhibition,2025-09-01,Closed,ALL,events,16
Exhibition,2025-09-01,Closed,ALL,participant_instances,2093
Exhibition,2025-09-01,Closed,ALL,participants,1244
Exhibition,2025-09-01,Open,ALL,audience,61174
Exhibition,2025-09-01,Open,ALL,events,70
Exhibition,2025-09-01,Open,ALL,participant_instances,2111
Exhibition,2025-09-01,Open,ALL,participants,2002
Exhibition,2025-10-01,,ALL,audience,6696
Exhibition,2025-10-01,,ALL,events,99
Exhibition,2025-10-01,,ALL,participant_instances,0
Exhibition,2025-10-01,,ALL,participants,0
Exhibition,2025-10-01,Closed,ALL,audience,0
Exhibition,2025-10-01,Closed,ALL,events,40
Exhibition,2025-10-01,Closed,ALL,participant_instances,1816
Exhibition,2025-10-01,Closed,ALL,participants,865
Exhibition,2025-10-01,Open,ALL,audience,111008
Exhibition,2025-10-01,Open,ALL,events,62
Exhibition,2025-10-01,Open,ALL,participant_instances,977
Exhibition,2025-10-01,Open,ALL,participants,686
Exhibition,2025-11-01,,ALL,audience,127316
Exhibition,2025-11-01,,ALL,events,105
Exhibition,2025-11-01,,ALL,participant_instances,0
Exhibition,2025-11-01,,ALL,participants,0
Exhibition,2025-11-01,Closed,ALL,audience,1387
Exhibition,2025-11-01,Closed,ALL,events,20
Exhibition,2025-11-01,Closed,ALL,participant_instances,1364
Exhibition,2025-11-01,Closed,ALL,participants,687
Exhibition,2025-11-01,Open,ALL,audience,38982
Exhibition,2025-11-01,Open,ALL,events,74
Exhibition,2025-11-01,Open,ALL,participant_instances,848
Exhibition,2025-11-01,Open,ALL,participants,501
Exhibition,2025-12-01,,ALL,audience,0
Exhibition,2025-12-01,,ALL,events,37
Exhibition,2025-12-01,,ALL,participant_instances,0
Exhibition,2025-12-01,,ALL,participants,0
Exhibition,2025-12-01,Closed,ALL,audience,562
Exhibition,2025-12-01,Closed,ALL,events,7
Exhibition,2025-12-01,Closed,ALL,participant_instances,490
Exhibition,2025-12-01,Closed,ALL,participants,245
Exhibition,2025-12-01,Open,ALL,audience,271
Exhibition,2025-12-01,Open,ALL,events,4
Exhibition,2025-12-01,Open,ALL,participant_instances,50
Exhibition,2025-12-01,Open,ALL,participants,50
Festival,2025-04-01,Closed,ALL,audience,0
Festival,2025-04-01,Closed,ALL,events,1
Festival,2025-04-01,Closed,ALL,participant_instances,99
Festival,2025-04-01,Closed,ALL,participants,33
Festival,2025-04-01,Open,ALL,audience,2444
Festival,2025-04-01,Open,ALL,events,21
Festival,2025-04-01,Open,ALL,participant_instances,0
Festival,2025-04-01,Open,ALL,participants,0
Festival,2025-06-01,,ALL,audience,0
Festival,2025-06-01,,ALL,events,11
Festival,2025-06-01,,ALL,participant_instances,0
Festival,2025-06-01,,ALL,participants,0
Festival,2025-06-01,Open,ALL,audience,3166
Festival,2025-06-01,Open,ALL,events,17
Festival,2025-06-01,Open,ALL,participant_instances,35
Festival,2025-06-01,Open,ALL,participants,35
Festival,2025-07-01,Open,ALL,audience,564
Festival,2025-07-01,Open,ALL,events,4
Festival,2025-07-01,Open,ALL,participant_instances,0
Festival,2025-07-01,Open,ALL,participants,0
Festival,2025-08-01,Open,ALL,audience,539
Festival,2025-08-01,Open,ALL,events,4
Festival,2025-08-01,Open,ALL,participant_instances,0
Festival,2025-08-01,Open,ALL,participants,0
Festival,2025-09-01,Closed,ALL,audience,65
Festival,2025-09-01,Closed,ALL,events,3
Festival,2025-09-01,Closed,ALL,participant_instances,0
Festival,2025-09-01,Closed,ALL,participants,0
Festival,2025-09-01,Open,ALL,audience,3936
Festival,2025-09-01,Open,ALL,events,41
Festival,2025-09-01,Open,ALL,participant_instances,0
Festival,2025-09-01,Open,ALL,participants,0
Festival,2025-11-01,Closed,ALL,audience,0
Festival,2025-11-01,Closed,ALL,events,10
Festival,2025-11-01,Closed,ALL,participant_instances,0
Festival,2025-11-01,Closed,ALL,participants,0
Festival,2025-11-01,Open,ALL,audience,0
Festival,2025-11-01,Open,ALL,events,1
Festival,2025-11-01,Open,ALL,participant_instances,0
Festival,2025-11-01,Open,ALL,participants,0
Film,2024-06-01,,ALL,audience,0
Film,2024-06-01,,ALL,events,5
Film,2024-06-01,,ALL,participant_instances,0
Film,2024-06-01,,ALL,participants,0
Film,2025-01-01,,ALL,audience,3397
Film,2025-01-01,,ALL,events,151
Film,2025-01-01,,ALL,participant_instances,0
Film,2025-01-01,,ALL,participants,0
Film,2025-02-01,,ALL,audience,1488
Film,2025-02-01,,ALL,events,106
Film,2025-02-01,,ALL,participant_instances,0
Film,2025-02-01,,ALL,participants,0
Film,2025-03-01,,ALL,audience,1148
Film,2025-03-01,,ALL,events,137
Film,2025-03-01,,ALL,participant_instances,0
Film,2025-03-01,,ALL,participants,0
Film,2025-04-01,,ALL,audience,2543
Film,2025-04-01,,ALL,events,198
Film,2025-04-01,,ALL,participant_instances,0
Film,2025-04-01,,ALL,participants,0
Film,2025-04-01,Open,ALL,audience,1076
Film,2025-04-01,Open,ALL,events,6
Film,2025-04-01,Open,ALL,participant_instances,0
Film,2025-04-01,Open,ALL,participants,0
Film,2025-05-01,,ALL,audience,1841
Film,2025-05-01,,ALL,events,138
Film,2025-05-01,,ALL,participant_instances,0
Film,2025-05-01,,ALL,participants,0
Film,2025-06-01,,ALL,audience,1395
Film,2025-06-01,,ALL,events,165
Film,2025-06-01,,ALL,participant_instances,0
Film,2025-06-01,,ALL,participants,0
Film,2025-06-01,Open,ALL,audience,1004
Film,2025-06-01,Open,ALL,events,5
Film,2025-06-01,Open,ALL,participant_instances,0
Film,2025-06-01,Open,ALL,participants,0
Film,2025-07-01,,ALL,audience,1100
Film,2025-07-01,,ALL,events,127
Film,2025-07-01,,ALL,participant_instances,0
Film,2025-07-01,,ALL,participants,0
Film,2025-08-01,,ALL,audience,2802
Film,2025-08-01,,ALL,events,169
Film,2025-08-01,,ALL,participant_instances,0
Film,2025-08-01,,ALL,participants,0
Film,2025-08-01,Open,ALL,audience,650
Film,2025-08-01,Open,ALL,events,2
Film,2025-08-01,Open,ALL,participant_instances,0
Film,2025-08-01,Open,ALL,participants,0
Film,2025-09-01,,ALL,audience,1142
Film,2025-09-01,,ALL,events,104
Film,2025-09-01,,ALL,participant_instances,0
Film,2025-09-01,,ALL,participants,0
Film,2025-09-01,Open,ALL,audience,237
Film,2025-09-01,Open,ALL,events,1
Film,2025-09-01,Open,ALL,participant_instances,0
Film,2025-09-01,Open,ALL,participants,0
Film,2025-10-01,,ALL,audience,2533
Film,2025-10-01,,ALL,events,142
Film,2025-10-01,,ALL,participant_instances,0
Film,2025-10-01,,ALL,participants,0
Film,2025-11-01,,ALL,audience,0
Film,2025-11-01,,ALL,events,1
Film,2025-11-01,,ALL,participant_instances,0
Film,2025-11-01,,ALL,participants,0
In-person,2023-07-01,,ALL,audience,250
In-person,2023-07-01,,ALL,events,1
In-person,2023-11-01,,ALL,audience,0
In-person,2023-11-01,,ALL,events,1
In-person,2023-11-01,,ALL,participant_instances,0
In-person,2023-11-01,,ALL,participants,0
In-person,2023-11-01,Open,ALL,audience,32000
In-person,2023-11-01,Open,ALL,events,1
In-person,2023-11-01,Open,ALL,participant_instances,0
In-person,2023-11-01,Open,ALL,participants,0
In-person,2024-01-01,Closed,ALL,audience,0
In-person,2024-01-01,Closed,ALL,events,3
In-person,2024-01-01,Closed,ALL,participant_instances,45
In-person,2024-01-01,Closed,ALL,participants,27
In-person,2024-02-01,Closed,ALL,audience,0
In-person,2024-02-01,Closed,ALL,events,7
In-person,2024-02-01,Closed,ALL,participant_instances,59
In-person,2024-02-01,Closed,ALL,participants,40
In-person,2024-03-01,Closed,ALL,audience,0
In-person,2024-03-01,Closed,ALL,events,3
In-person,2024-03-01,Closed,ALL,participant_instances,79
In-person,2024-03-01,Closed,ALL,participants,79
In-person,2024-04-01,,ALL,audience,0
In-person,2024-04-01,,ALL,participant_instances,0
In-person,2024-04-01,,ALL,participants,0
In-person,2024-04-01,Closed,ALL,audience,0
In-person,2024-04-01,Closed,ALL,events,3
In-person,2024-04-01,Closed,ALL,participant_instances,32
In-person,2024-04-01,Closed,ALL,participants,30
In-person,2024-05-01,,ALL,audience,325
In-person,2024-05-01,,ALL,events,2
In-person,2024-05-01,,ALL,participant_instances,0
In-person,2024-05-01,,ALL,participants,0
In-person,2024-05-01,Closed,ALL,audience,0
In-person,2024-05-01,Closed,ALL,events,1
In-person,2024-05-01,Closed,ALL,participant_instances,450
In-person,2024-05-01,Closed,ALL,participants,150
In-person,2024-05-01,Open,ALL,audience,0
In-person,2024-05-01,Open,ALL,events,1
In-person,2024-05-01,Open,ALL,participant_instances,26
In-person,2024-05-01,Open,ALL,participants,26
In-person,2024-06-01,,ALL,audience,0
In-person,2024-06-01,,ALL,events,1
In-person,2024-06-01,,ALL,participant_instances,0
In-person,2024-06-01,,ALL,participants,0
In-person,2024-06-01,Closed,ALL,audience,0
In-person,2024-06-01,Closed,ALL,events,1
In-person,2024-06-01,Closed,ALL,participant_instances,69
In-person,2024-06-01,Closed,ALL,participants,49
In-person,2024-07-01,,ALL,audience,250
In-person,2024-07-01,,ALL,events,2
In-person,2024-07-01,,ALL,participant_instances,0
In-person,2024-07-01,,ALL,participants,0
In-person,2024-07-01,Closed,ALL,audience,0
In-person,2024-07-01,Closed,ALL,events,1
In-person,2024-07-01,Closed,ALL,participant_instances,6
In-person,2024-07-01,Closed,ALL,participants,6
In-person,2024-08-01,,ALL,audience,5000
In-person,2024-08-01,,ALL,events,1
In-person,2024-08-01,,ALL,participant_instances,0
In-person,2024-08-01,,ALL,participants,0
In-person,2024-08-01,Closed,ALL,audience,0
In-person,2024-08-01,Closed,ALL,events,2
In-person,2024-08-01,Closed,ALL,participant_instances,38
In-person,2024-08-01,Closed,ALL,participants,36
In-person,2024-08-01,Open,ALL,audience,5232
In-person,2024-08-01,Open,ALL,events,15
In-person,2024-08-01,Open,ALL,participant_instances,383
In-person,2024-08-01,Open,ALL,participants,352
In-person,2024-09-01,,ALL,audience,25
In-person,2024-09-01,,ALL,events,2
In-person,2024-09-01,,ALL,participant_instances,0
In-person,2024-09-01,,ALL,participants,0
In-person,2024-09-01,Closed,ALL,audience,0
In-person,2024-09-01,Closed,ALL,events,44
In-person,2024-09-01,Closed,ALL,participant_instances,1427
In-person,2024-09-01,Closed,ALL,participants,1355
In-person,2024-09-01,Open,ALL,audience,49
In-person,2024-09-01,Open,ALL,events,1
In-person,2024-09-01,Open,ALL,participant_instances,0
In-person,2024-09-01,Open,ALL,participants,0
In-person,2024-10-01,,ALL,audience,0
In-person,2024-10-01,,ALL,events,1
In-person,2024-10-01,,ALL,participant_instances,0
In-person,2024-10-01,,ALL,participants,0
In-person,2024-10-01,Closed,ALL,audience,0
In-person,2024-10-01,Closed,ALL,events,36
In-person,2024-10-01,Closed,ALL,participant_instances,1027
In-person,2024-10-01,Closed,ALL,participants,902
In-person,2024-11-01,,ALL,audience,280
In-person,2024-11-01,,ALL,events,2
In-person,2024-11-01,,ALL,participant_instances,0
In-person,2024-11-01,,ALL,participants,0
In-person,2024-11-01,Closed,ALL,audience,0
In-person,2024-11-01,Closed,ALL,events,25
In-person,2024-11-01,Closed,ALL,participant_instances,840
In-person,2024-11-01,Closed,ALL,participants,143
In-person,2024-12-01,,ALL,audience,0
In-person,2024-12-01,,ALL,events,1
In-person,2024-12-01,,ALL,participant_instances,0
In-person,2024-12-01,,ALL,participants,0
In-person,2024-12-01,Closed,ALL,audience,0
In-person,2024-12-01,Closed,ALL,events,16
In-person,2024-12-01,Closed,ALL,participant_instances,985
In-person,2024-12-01,Closed,ALL,participants,157
In-person,2024-12-01,Open,ALL,audience,20
In-person,2024-12-01,Open,ALL,events,1
In-person,2024-12-01,Open,ALL,participant_instances,0
In-person,2024-12-01,Open,ALL,participants,0
In-person,2025-01-01,,ALL,audience,1829
In-person,2025-01-01,,ALL,events,8
In-person,2025-01-01,,ALL,participant_instances,0
In-person,2025-01-01,,ALL,participants,0
In-person,2025-01-01,Closed,ALL,audience,0
In-person,2025-01-01,Closed,ALL,events,51
In-person,2025-01-01,Closed,ALL,participant_instances,2416
In-person,2025-01-01,Closed,ALL,participants,1123
In-person,2025-01-01,Open,ALL,audience,48396
In-person,2025-01-01,Open,ALL,events,8
In-person,2025-01-01,Open,ALL,participant_instances,850
In-person,2025-01-01,Open,ALL,participants,79
In-person,2025-02-01,,ALL,audience,35
In-person,2025-02-01,,ALL,events,13
In-person,2025-02-01,,ALL,participant_instances,0
In-person,2025-02-01,,ALL,participants,0
In-person,2025-02-01,Closed,ALL,audience,0
In-person,2025-02-01,Closed,ALL,events,85
In-person,2025-02-01,Closed,ALL,participant_instances,3189
In-person,2025-02-01,Closed,ALL,participants,1377
In-person,2025-02-01,Open,ALL,audience,250415
In-person,2025-02-01,Open,ALL,events,8
In-person,2025-02-01,Open,ALL,participant_instances,136
In-person,2025-02-01,Open,ALL,participants,128
In-person,2025-03-01,,ALL,audience,1341
In-person,2025-03-01,,ALL,events,11
In-person,2025-03-01,,ALL,participant_instances,0
In-person,2025-03-01,,ALL,participants,0
In-person,2025-03-01,Closed,ALL,audience,0
In-person,2025-03-01,Closed,ALL,events,141
In-person,2025-03-01,Closed,ALL,participant_instances,4002
In-person,2025-03-01,Closed,ALL,participants,1381
In-person,2025-03-01,Open,ALL,audience,4187
In-person,2025-03-01,Open,ALL,events,25
In-person,2025-03-01,Open,ALL,participant_instances,885
In-person,2025-03-01,Open,ALL,participants,421
In-person,2025-04-01,,ALL,audience,118
In-person,2025-04-01,,ALL,events,8
In-person,2025-04-01,,ALL,participant_instances,0
In-person,2025-04-01,,ALL,participants,0
In-person,2025-04-01,Closed,ALL,audience,0
In-person,2025-04-01,Closed,ALL,events,261
In-person,2025-04-01,Closed,ALL,participant_instances,6224
In-person,2025-04-01,Closed,ALL,participants,3304
In-person,2025-04-01,Open,ALL,audience,321401
In-person,2025-04-01,Open,ALL,events,94
In-person,2025-04-01,Open,ALL,participant_instances,4896
In-person,2025-04-01,Open,ALL,participants,3740
In-person,2025-05-01,,ALL,audience,53880
In-person,2025-05-01,,ALL,events,20
In-person,2025-05-01,,ALL,participant_instances,0
In-person,2025-05-01,,ALL,participants,0
In-person,2025-05-01,Closed,ALL,audience,60
In-person,2025-05-01,Closed,ALL,events,254
In-person,2025-05-01,Closed,ALL,participant_instances,7309
In-person,2025-05-01,Closed,ALL,participants,3160
In-person,2025-05-01,Open,ALL,audience,47497
In-person,2025-05-01,Open,ALL,events,113
In-person,2025-05-01,Open,ALL,participant_instances,5543
In-person,2025-05-01,Open,ALL,participants,4388
In-person,2025-06-01,,ALL,audience,1306
In-person,2025-06-01,,ALL,events,16
In-person,2025-06-01,,ALL,participant_instances,243
In-person,2025-06-01,,ALL,participants,81
In-person,2025-06-01,Closed,ALL,audience,75
In-person,2025-06-01,Closed,ALL,events,312
In-person,2025-06-01,Closed,ALL,participant_instances,12270
In-person,2025-06-01,Closed,ALL,participants,4943
In-person,2025-06-01,Open,ALL,audience,46388
In-person,2025-06-01,Open,ALL,events,88
In-person,2025-06-01,Open,ALL,participant_instances,3065
In-person,2025-06-01,Open,ALL,participants,878
In-person,2025-07-01,,ALL,audience,876
In-person,2025-07-01,,ALL,events,5
In-person,2025-07-01,,ALL,participant_instances,0
In-person,2025-07-01,,ALL,participants,0
In-person,2025-07-01,Closed,ALL,audience,287
In-person,2025-07-01,Closed,ALL,events,216
In-person,2025-07-01,Closed,ALL,participant_instances,10882
In-person,2025-07-01,Closed,ALL,participants,5122
In-person,2025-07-01,Open,ALL,audience,18130
In-person,2025-07-01,Open,ALL,events,148
In-person,2025-07-01,Open,ALL,participant_instances,9900
In-person,2025-07-01,Open,ALL,participants,6763
In-person,2025-08-01,,ALL,audience,876
In-person,2025-08-01,,ALL,events,10
In-person,2025-08-01,,ALL,participant_instances,48
In-person,2025-08-01,,ALL,participants,12
In-person,2025-08-01,Closed,ALL,audience,30
In-person,2025-08-01,Closed,ALL,events,143
In-person,2025-08-01,Closed,ALL,participant_instances,6732
In-person,2025-08-01,Closed,ALL,participants,3701
In-person,2025-08-01,Open,ALL,audience,14690
In-person,2025-08-01,Open,ALL,events,171
In-person,2025-08-01,Open,ALL,participant_instances,8234
In-person,2025-08-01,Open,ALL,participants,5810
In-person,2025-09-01,,ALL,audience,876
In-person,2025-09-01,,ALL,events,15
In-person,2025-09-01,,ALL,participant_instances,0
In-person,2025-09-01,,ALL,participants,0
In-person,2025-09-01,Closed,ALL,audience,41
In-person,2025-09-01,Closed,ALL,events,189
In-person,2025-09-01,Closed,ALL,participant_instances,7495
In-person,2025-09-01,Closed,ALL,participants,2666
In-person,2025-09-01,Open,ALL,audience,6554
In-person,2025-09-01,Open,ALL,events,115
In-person,2025-09-01,Open,ALL,participant_instances,5120
In-person,2025-09-01,Open,ALL,participants,3676
In-person,2025-10-01,,ALL,audience,0
In-person,2025-10-01,,ALL,events,52
In-person,2025-10-01,,ALL,participant_instances,30
In-person,2025-10-01,,ALL,participants,30
In-person,2025-10-01,Closed,ALL,audience,182
In-person,2025-10-01,Closed,ALL,events,162
In-person,2025-10-01,Closed,ALL,participant_instances,4768
In-person,2025-10-01,Closed,ALL,participants,2081
In-person,2025-10-01,Open,ALL,audience,6561
In-person,2025-10-01,Open,ALL,events,124
In-person,2025-10-01,Open,ALL,participant_instances,2313
In-person,2025-10-01,Open,ALL,participants,1530
In-person,2025-11-01,,ALL,audience,876
In-person,2025-11-01,,ALL,events,21
In-person,2025-11-01,,ALL,participant_instances,0
In-person,2025-11-01,,ALL,participants,0
In-person,2025-11-01,Closed,ALL,audience,5582
In-person,2025-11-01,Closed,ALL,events,203
In-person,2025-11-01,Closed,ALL,participant_instances,6109
In-person,2025-11-01,Closed,ALL,participants,2092
In-person,2025-11-01,Open,ALL,audience,4800
In-person,2025-11-01,Open,ALL,events,137
In-person,2025-11-01,Open,ALL,participant_instances,1618
In-person,2025-11-01,Open,ALL,participants,702
In-person,2025-12-01,,ALL,audience,0
In-person,2025-12-01,,ALL,events,2
In-person,2025-12-01,,ALL,participant_instances,6
In-person,2025-12-01,,ALL,participants,6
In-person,2025-12-01,Closed,ALL,audience,3
In-person,2025-12-01,Closed,ALL,events,36
In-person,2025-12-01,Closed,ALL,participant_instances,4446
In-person,2025-12-01,Closed,ALL,participants,816
In-person,2025-12-01,Open,ALL,audience,780
In-person,2025-12-01,Open,ALL,events,13
In-person,2025-12-01,Open,ALL,participant_instances,33
In-person,2025-12-01,Open,ALL,participants,33
Training and skills development,2025-05-01,,ALL,events,390
Training and skills development,2025-06-01,,ALL,events,24
Training and skills development,2025-07-01,,ALL,events,19
Training and skills development,2025-08-01,,ALL,events,1
Training and skills development,2025-09-01,,ALL,events,1
