month,A Good Yarn,A Good Yarn: Luke Jerram,A Portrait of Us - Outdoor Exhibition,A Screen Near You - Cinema for All (grassroots development and screening),A Screen Near You - The Incredible Moving Cinema,ARCHIVE: How Soon Is Now (grant dependent),Akram Khan and Dance United - Memories of the Future,All Ages Singing Workshop (Beacon),An Evening with Resi/Dance @ The Beacon (Dance United),An Evening with: Jacqui Dankworth,"Aswad Arts Presents StreetSounds ""LIVE"" Bhangra Niche Set ""LIVE""",At The 1 in 12,BBC 4-Leeds Piano Competition 2024,BBC Bitesize,BBC Extraordinary Portraits,BBC Introducing @ The Beacon,BBC Introducing at The Underground,BBC: Not Even Water Live (Podcast Recording),BD is Lit 2023,BD: Walls,BOLD! Bradford Artist Scratch Night,Babysphere & Colorsphere,Back In The Pink - Castles In The Sky,Bantam of the Opera,Basel Zaraa - Moomins,Bassline Symphony,Beacon,Beacon Church Community Cuppa,Beacon Feature Curtain,Big Brass Blowout,Big Quiffy Bingo,Big Screen - Cannon Mills,Bloom,Bradford 2025 Mini Launch Event - Keighley,Bradford 2025 Partners and Funders Networking Event,Bradford 2025 Volunteer Celebration,Bradford 2025 Website,Bradford Belles,Bradford City Fire 40th Anniversary Memorial,Bradford Glow,Bradford Literature Festival - New Commissions,Bradford Literature Festival @ Loading Bay,Bradford Made MASTER,Bradford On Foot,Bradford Poetry Slam 2025,Bradford Producing Hub,Bradford Sanctuary Seekers Education Awards 2025,Bradford Selection,Bradford South Young Peoples Celebration (Youth Service),Bradford on Foot,Bradford's Bigger Picture - Pictureville Year Round Programme,Bradford: A City of Film,CANCELLED Stick in the Wheel,CBeebies Bedtime Story Day,CHANNELS,Celebrations of Bradford 2025 and LNER Partnership,Channels (Bodies of Water) - Turbynes,Chasing the Wind,Claytime,Cliffe Castle Park 75th Birthday Bash,Closing Event - Emily Lim/Dan Canham,Club Ekta Events,Come Rest in Chaos,Comma Press 'Book of the City',Common/Wealth: Public Interest,Community Takeover Days at Bradford City Football Club,Compagnie Off: Giraffes,Connecting Communities,Cool Runnings,Creative Cities Convention,Creative Health,Creative Summer Social (Cultural Voice Forum),Cricket Tournament Awards Ceremony,Cultural Learning One-Off Activity,Cultural Learning Steering Group,Curious Investigators,DRAW,DRAW & Messy Play,DRAW!,Dancing with Colours,David Hockney: Pieced Together,Daytimers (Heritage Bradford stories),Digital Creatives,Digital Map,Do your thing micro awards,Dracula - Black Eyed Theatre,Drag-ford: Drag Cabaret Built in Bradford,Dragons,Dragons - Eun-Me Ahn Company,Drum Roll Please,Earth & Sky (part of Wild Uplands),Easter Fun and Celebration,Eggs Collective Dark Nights,Elevate - Heritage Skills Project,Eliza Carthy,Endless Hum,Evening Conversations - Sudha Bhuchar,FRESH Workshops,Festival of Archaeology: Archaeology Talks!,Fighting To Be Heard,Film Culture in Bradford and Keighley: Friends of Bradford Art Galleries and Museums,Forge - Practical Anarchy,Forge - Scraps,Frontline 1984-1985 by Victor Wedderburn,Ginger Johnson's Fun House,Great Crafty Get-Together,Greed - Tavaziva Dance,Green Family Creative Day,Happy Hype,Health and Wellbeing Day,Here We Stand,Highfield South Asian Celebration,I AM ME,Ice Age Art Now,Imaginary Friends - Daniel Bye,Immersive Arts UK Conference,International Roma Day Celebration,Intro to Comedy Workshop Series with Alex Dunlop,It's Your Round,Jameel Prize: Moving Images,Journeys with Mai,Journeys with Mai (exhibition),Jungle Book ReImagined - Akram Khan Company,Kate Test project 1,Keighley Cougars Match Day Event,La Haine – Live,Lady Bushra (supporting Ginger),Lady Maisery / O'Hooley & Tidow,Language: No Broblem - Shubbak Festival,Last Rites,Launchpad Music Industry Careers Day,Lay Down Your Burdens,Learning resources,Leeds School of Architecture x Bradford 2025 - The City As a Festival,Les Enfants Terribles - A Gameshow for Awful Children,Les Girafes,Let's Make,Little Explorers [Festival of Archaeology],Little Wimmin,Loaded Laughs (#1),Loaded Laughs (#2),Loaded Laughs (#3),Loud and Proud Dohl Drumming,Meet Our Mothers,Mega Drawing Box in the Park,Multicultural Pentecost Party,Museums for Play and Growth,My Thousand Year Old Land,Nadine Shah @ St. Georges Hall,National Saturday Club,Nationhood: Memory and Hope,New Focus: Bradford Young Curators,New Music Biennial,Northern Soul (Clio Barnard),Opera North Earth and Sky,Our Patch,Our Patch - Beacon Creative family sessions,Our Patch - Beacon Rugby Tots,Our Patch - Tu i Tam Community Visits,Our Story (Nebula Girls Group),PLAY Facilitators @ Beacon (all),PLAY: Alive & Kicking Drama Adventures,PLAY: Escape Room Design Challenge,PLAY: Grue,PLAY: Intergenerational Play,PLAY: Island of Foam (WOW),PLAY: Playable Commission,PLAY: Red Ball Project (WOW),PLAY: Science Explorers Play Lab,PLAY: The Great Adventure Build with Woodland Tribe,Palettes,Palingenesis,Peace Picnics,Penguin,Penguin Books 16+ Panel,People First Keighley and Craven Summer Party,Pictureville Screenings,Pictureville Screenings - 'Brought to Life' Season,Pictureville Screenings - Cine Spotlights,Pictureville Screenings - Epic Yorkshire Season,Pictureville Screenings - Film4 Curated Season,Pictureville Screenings - Northern Youth Film Season,Pictureville Screenings - Time and Place (Invisible Women),Pieced Together,Pop,Pop Up Family Pride,Press Trips,Programme Launch (Sept 12th event),Punjabi Heritage and Culture by Saath,Qawalli Night at The Beacon,RISE,Ramadan Festival,Ramadan Pavillion,Re:Born,Robyn Hood - Fidget Theatre,Roshni,STRIKE,Saltaire Heritage Day,Sarab,Say It As It Is - Bowling,Say It As It Is - Cliffe Castle,Say It As It Is - Wibsey,Shadmanny,Share Your Story at Beacon (National Literacy Trust),"Sing, Dance, Leap",Sisters 360,"So Far, So Good (Yorkshire Dance, as part of BD FEST)",Spin Arts: RIDE,Sponsorship - Alhambra Philanthropy,Sponsorship - Bradford Means Business,Sponsorship - Business Breakfast,Sponsorship - High Sheriff,Sponsorship - Insider Placemaking,Sponsorship - Loading Bay Funder,Sponsorship - Northern Trains,Sponsorship - Sports Awards,Sponsorship - Super Soapbox Challenge,Sponsorship - YABA,Sponsorship - Yorkshire Water,Spread the Word About Bradford 2025,Street Choirs Festival,Summer Sounds - Day 1,Summer Sounds - Day 2,Summer of Song with Steeton Male Voice Choir,Sustenance the Power of Food,TCF Artist Residency,Tape Letters,Tech Styles @ The Beacon,Teen Scene Party,Testo,The 56,The Belgrave House Band - Back to Black,The Big Creative Summit - Investment in West Yorkshire,The Big Thing - Immersive Arts,The Bradford Progress,The Dreams I Had: Andrea Dunbar,The Portrait of Mai: Youth Engagement Programme,The Railway Children,The Sticky Dance,The Tiger Lillies,Tour the Writer,Tower of Now Engagement Strand,Tower of Now: Saad Qureshi (programme strand),Toxic - Dibby Theatre,Tu i Tam / Tyt i Tam: Tim Smith & Lodz Fotofestival,Turner Prize,University of Bradford Programme,Unspun - 509 Arts,WOW Community Partnership,Wandering Imaginations: Emerging Fantasy Writer Exchange,We Will Sing by Ann Hamilton at Salt's Mill,West Yorkshire Young Poet Laureate,Where It All Begain,Where It Began – Osman Yousefzada,Whine List,Wild Uplands,Wonky Olympics,World Piano Day 2025,World of Women (Cecil Green Arts),YOU:MATTER,Your Best Guess,Youth Club in Bowling Park (closed event),Youth Fest 25,Youthology,Zee and the City,asses.masses,zz - Beacon - Non-project related venue activity,zz - Loading Bay Venue Activity (non-project related)
2023-07-01,0,0,0,0,0,0,0,0,0,0,0,0,0,0,0,0,0,0,0,0,0,0,0,0,0,0,0,0,0,0,0,0,0,0,0,0,0,0,0,0,0,0,0,0,0,0,0,0,0,0,0,0,0,0,0,0,0,0,0,0,0,0,0,0,0,0,0,0,0,0,0,0,0,0,0,0,0,0,0,0,0,0,0,0,0,0,0,0,0,0,0,0,0,0,0,0,0,0,0,0,0,0,0,0,0,0,0,0,0,0,0,0,0,0,0,0,0,0,0,0,0,0,0,0,0,0,0,0,0,0,0,0,0,0,0,0,0,0,0,0,0,0,0,0,0,0,0,0,0,0,0,0,0,0,0,0,0,0,0,0,0,0,0,0,0,0,0,0,0,0,0,0,0,0,0,0,0,0,0,0,0,0,0,0,0,0,0,0,0,0,0,0,0,0,0,0,0,0,0,0,0,0,0,0,0,0,0,0,0,1,0,0,0,0,0,0,0,0,0,0,0,0,0,0,0,0,0,0,0,0,0,0,0,0,0,0,0,0,0,0,0,0,0,0,0,0,0,0,0,0,0,0,0,0,0,0,0,0,0,0,0,0,0,0,0,0,0,0
2023-11-01,0,0,0,0,0,0,0,0,0,0,0,0,0,0,0,0,0,0,1,0,0,0,0,0,0,0,0,0,0,0,0,0,0,0,0,0,0,0,0,0,0,0,0,0,0,0,0,0,0,0,0,0,0,0,0,0,0,0,0,0,0,0,0,0,0,0,0,0,0,0,0,0,0,0,0,0,0,0,0,0,0,0,0,0,0,0,0,0,0,0,0,0,0,0,0,0,0,0,0,0,0,0,0,0,0,0,0,0,0,0,0,0,0,0,0,0,0,0,0,0,0,0,0,0,0,0,0,0,0,0,0,0,0,0,0,0,0,0,0,0,0,0,0,0,0,0,0,0,0,0,0,0,0,0,0,0,0,0,0,0,0,0,0,0,0,0,0,0,0,0,0,0,0,0,0,0,0,0,0,0,0,0,0,0,0,0,0,0,0,0,0,0,0,0,0,0,0,0,0,0,0,0,0,0,0,0,0,0,0,0,0,0,0,0,0,0,0,0,0,0,0,0,0,0,0,0,0,0,0,0,0,0,0,0,0,0,0,0,0,0,0,0,0,0,0,0,0,0,0,0,0,0,0,0,0,0,0,0,0,0,0,0,0,0,0,0,0,0
2024-01-01,0,0,0,0,0,0,0,0,0,0,0,0,0,0,0,0,0,0,0,0,0,0,0,0,0,0,0,0,0,0,0,0,0,0,0,0,0,0,0,0,0,0,0,0,0,0,0,0,0,0,0,0,0,0,0,0,0,0,0,0,0,0,0,0,0,0,0,0,0,0,0,0,0,0,0,0,0,0,0,0,0,0,0,0,0,0,0,0,0,3,0,0,0,0,0,0,0,0,0,0,0,0,0,0,0,0,0,0,0,0,0,0,0,0,0,0,0,0,0,0,0,0,0,0,0,0,0,0,0,0,0,0,0,0,0,0,0,0,0,0,0,0,0,0,0,0,0,0,0,0,0,0,0,0,0,0,0,0,0,0,0,0,0,0,0,0,0,0,0,0,0,0,0,0,0,0,0,0,0,0,0,0,0,0,0,0,0,0,0,0,0,0,0,0,0,0,0,0,0,0,0,0,0,0,0,0,0,0,0,0,0,0,0,0,0,0,0,0,0,0,0,0,0,0,0,0,0,0,0,0,0,0,0,0,0,0,0,0,0,0,0,0,0,0,0,0,0,0,0,0,0,0,0,0,0,0,0,0,0,0,0,0,0,0,0,0,0,0
2024-02-01,0,0,0,0,0,0,0,0,0,0,0,0,0,0,0,0,0,0,0,0,0,0,0,0,0,0,0,0,0,0,0,0,0,0,0,0,0,0,0,0,0,0,0,0,0,0,0,0,0,0,0,0,0,0,0,0,0,0,0,0,0,0,0,0,0,0,0,0,0,0,0,0,0,0,0,0,0,0,0,0,0,0,0,0,0,0,0,0,0,7,0,0,0,0,0,0,0,0,0,0,0,0,0,0,0,0,0,0,0,0,0,0,0,0,0,0,0,0,0,0,0,0,0,0,0,0,0,0,0,0,0,0,0,0,0,0,0,0,0,0,0,0,0,0,0,0,0,0,0,0,0,0,0,0,0,0,0,0,0,0,0,0,0,0,0,0,0,0,0,0,0,0,0,0,0,0,0,0,0,0,0,0,0,0,0,0,0,0,0,0,0,0,0,0,0,0,0,0,0,0,0,0,0,0,0,0,0,0,0,0,0,0,0,0,0,0,0,0,0,0,0,0,0,0,0,0,0,0,0,0,0,0,0,0,0,0,0,0,0,0,0,0,0,0,0,0,0,0,0,0,0,0,0,0,0,0,0,0,0,0,0,0,0,0,0,0,0,0
2024-03-01,0,0,0,0,0,0,0,0,0,0,0,0,0,0,0,0,0,0,0,0,0,0,0,0,0,0,0,0,0,0,0,0,0,0,0,0,0,0,0,0,0,0,0,0,0,0,0,0,0,0,0,0,0,0,0,0,0,0,0,0,1,0,0,0,0,0,0,0,0,0,0,0,0,0,0,0,0,0,0,0,0,0,0,0,0,0,0,0,0,1,0,0,0,0,0,0,0,0,0,0,0,0,0,0,0,0,0,0,0,0,0,0,0,0,0,0,0,0,0,0,0,0,0,0,0,0,0,0,0,0,0,0,0,0,0,0,0,0,0,0,0,0,0,0,0,0,0,0,0,0,0,0,0,0,0,0,0,0,0,0,0,0,0,0,0,0,0,0,0,0,0,0,0,0,0,0,0,0,0,0,0,0,0,0,0,0,0,0,0,0,0,0,0,0,0,0,0,0,0,0,0,0,0,0,0,0,0,0,0,0,0,0,0,0,0,0,0,0,0,0,0,0,0,0,0,2,0,0,0,0,0,0,0,0,0,0,0,0,0,0,0,0,0,0,0,0,0,0,0,0,0,0,0,0,0,0,0,0,0,0,0,0,0,0,0,0,0,0
2024-04-01,0,0,0,0,0,0,0,0,0,0,0,0,0,0,0,0,0,0,0,0,0,0,0,0,0,0,0,0,0,0,0,0,0,0,0,0,0,0,0,1,0,0,0,0,0,0,0,0,0,0,0,0,0,0,0,0,0,0,0,0,0,0,0,0,0,0,0,0,0,0,0,0,0,0,0,0,0,0,0,0,0,0,0,0,0,0,0,0,0,1,0,0,0,0,0,0,0,0,0,0,0,0,0,0,0,0,0,0,0,0,0,0,0,0,0,0,0,0,0,0,0,0,0,0,0,0,0,0,0,0,0,0,0,0,0,0,0,0,0,0,0,0,0,0,0,0,0,0,0,0,0,0,0,0,0,0,0,0,0,0,0,0,0,0,0,0,0,0,0,0,0,0,0,0,0,0,0,0,0,0,0,0,0,0,0,0,0,0,0,0,0,0,0,0,0,0,0,0,0,0,0,0,0,0,0,0,0,0,0,0,0,0,0,0,0,0,0,0,0,0,0,0,0,0,0,2,0,0,0,0,0,0,0,0,0,0,0,0,0,0,0,0,0,0,0,0,0,0,0,0,0,0,0,1,0,0,0,0,0,0,0,0,0,0,0,0,0,0
2024-05-01,0,0,0,0,0,0,0,0,0,0,0,0,0,0,0,0,0,0,0,0,0,0,0,0,0,0,0,0,0,0,0,0,0,0,0,0,0,0,0,1,0,0,0,0,0,0,0,0,0,0,0,0,0,0,0,0,0,0,0,0,0,0,0,0,0,0,0,0,0,0,0,0,0,0,0,0,0,0,0,0,0,0,0,0,0,0,0,0,0,1,0,0,0,0,0,0,0,0,0,0,0,0,0,0,0,0,0,0,0,0,0,0,0,0,0,0,0,0,0,0,0,0,0,0,0,0,0,0,0,0,0,0,0,0,0,0,0,0,0,0,0,0,0,0,0,0,0,0,0,0,0,3,0,0,0,0,0,0,0,0,0,0,0,0,0,0,0,0,0,0,0,0,0,0,0,0,0,0,0,0,0,0,0,0,0,0,0,0,0,0,0,0,0,0,0,0,0,0,0,0,0,0,0,0,0,0,0,0,0,0,0,0,1,0,0,1,0,0,0,0,0,0,0,0,0,0,0,0,0,0,0,0,0,0,0,0,0,0,0,0,0,0,0,0,0,0,0,0,0,0,0,0,10,4,0,0,0,0,0,0,0,0,0,0,0,0,0,0
2024-06-01,0,0,0,0,0,0,0,0,0,0,0,0,0,0,0,0,0,0,0,1,0,0,0,0,0,0,0,0,0,0,0,0,0,0,0,0,0,0,0,0,0,0,0,0,0,0,0,0,0,0,0,0,0,0,0,0,0,0,0,0,0,0,0,0,0,0,0,0,0,0,0,0,0,0,0,0,0,0,0,0,0,0,0,0,0,0,0,0,0,1,0,0,0,0,0,0,0,0,0,0,0,0,0,0,0,0,0,0,0,0,0,0,0,0,0,0,0,0,0,0,0,0,0,0,0,0,0,0,0,0,0,0,0,0,0,0,0,0,0,0,0,0,0,0,0,0,0,0,0,0,0,5,0,0,0,0,0,0,0,0,0,0,0,0,0,0,0,0,0,0,0,0,0,0,0,0,0,0,0,0,0,0,0,0,0,0,0,0,0,0,0,0,0,0,0,0,0,0,0,0,0,0,0,0,0,0,0,0,0,0,0,0,0,0,0,0,0,0,0,0,0,0,0,0,0,0,0,0,0,0,0,0,0,0,0,0,0,0,0,0,1,0,0,0,0,0,0,0,0,0,0,0,26,7,0,0,0,0,0,0,0,0,0,0,0,0,0,0
2024-07-01,0,0,0,0,0,0,0,0,0,0,0,0,0,0,0,0,0,0,0,0,0,0,0,0,0,0,0,0,0,0,0,0,0,0,0,0,0,0,0,0,0,0,0,0,0,0,0,7,0,0,0,0,0,0,0,0,0,0,0,0,0,0,0,0,0,0,0,0,0,0,0,0,0,0,0,0,0,0,0,0,0,0,0,0,0,0,0,0,0,1,0,0,0,0,0,0,0,0,0,0,0,0,0,0,0,0,0,0,0,0,0,0,0,0,0,0,0,0,0,0,0,0,0,0,0,0,0,0,0,0,0,0,0,0,0,0,0,0,0,0,0,0,0,0,0,0,0,0,0,0,0,3,0,0,0,0,0,0,0,0,0,0,0,0,0,0,0,0,0,0,0,0,0,0,0,0,0,0,0,0,0,0,0,0,0,0,0,0,0,0,0,0,0,0,0,0,0,0,0,0,0,0,0,0,0,0,0,0,0,1,0,0,0,0,0,0,0,0,0,0,0,0,0,0,0,0,0,0,0,0,0,0,0,0,0,0,0,0,0,0,1,0,0,0,0,0,0,0,0,0,0,0,26,3,0,0,0,0,0,0,0,0,0,0,0,0,0,0
2024-08-01,0,0,0,0,0,0,0,0,0,0,0,0,0,0,0,0,0,0,0,0,0,0,0,0,0,0,0,0,0,0,0,0,0,0,0,0,0,0,0,0,0,0,0,0,0,0,0,7,0,0,0,0,0,0,0,0,0,0,0,0,0,0,0,0,0,0,10,0,0,0,0,0,0,0,0,0,0,0,0,0,0,0,0,0,0,0,0,0,0,1,0,0,0,0,0,0,0,0,0,0,0,0,0,0,0,0,0,0,0,0,0,0,0,0,0,0,0,0,0,0,0,0,0,0,0,0,0,0,0,0,0,0,0,0,0,6,0,0,0,0,0,0,0,0,0,0,0,0,0,0,0,2,0,0,0,0,0,0,0,0,0,0,0,0,0,0,0,0,0,0,0,0,0,0,0,0,0,0,0,0,0,0,0,0,0,0,0,0,0,0,0,0,0,0,0,0,0,0,0,0,0,0,0,0,0,0,0,0,0,0,0,0,0,0,0,0,0,0,0,0,0,0,0,0,0,0,0,0,0,0,0,0,0,0,0,0,0,0,0,0,2,0,0,0,0,0,0,0,0,0,0,0,27,1,0,0,0,0,0,0,0,0,0,0,0,0,0,0
2024-09-01,0,0,1,0,0,0,0,0,0,0,0,0,1,0,0,0,0,0,0,0,0,0,0,0,0,0,0,0,1,0,0,0,0,0,0,0,0,0,0,0,0,0,0,0,0,0,0,7,0,1,0,0,0,0,0,0,0,0,0,0,0,0,0,1,0,0,0,0,0,0,0,0,0,0,1,0,0,0,0,0,0,0,0,0,0,0,0,0,0,1,0,0,0,0,0,0,0,0,0,0,0,0,0,0,0,0,0,0,0,0,0,0,0,0,0,0,0,0,0,0,0,0,0,0,0,0,0,0,0,0,0,0,0,0,0,0,0,0,0,0,0,0,0,0,0,0,0,0,0,0,0,2,0,0,0,0,0,0,0,0,0,0,0,0,0,0,0,0,0,0,0,0,0,0,0,0,0,0,0,0,0,0,0,0,0,0,0,1,0,0,0,0,0,0,0,0,0,0,0,0,0,0,0,0,42,0,0,0,1,0,0,0,0,0,0,0,0,0,0,0,0,0,0,0,0,0,0,0,0,0,0,0,0,0,0,0,0,0,0,0,1,0,0,0,0,0,0,0,0,1,0,0,25,1,0,0,0,0,0,0,0,0,0,0,0,0,0,0
2024-10-01,0,0,1,0,0,0,0,0,0,0,0,0,0,0,0,0,0,0,0,1,0,0,0,0,0,0,0,0,0,0,0,0,0,0,0,0,0,0,0,0,0,0,0,0,0,0,0,7,0,0,0,0,0,0,0,0,0,0,0,0,0,0,0,1,0,0,0,0,0,0,0,0,0,0,1,0,0,0,0,0,0,0,0,0,0,0,0,0,0,0,0,0,0,1,0,0,0,0,0,0,0,0,0,0,0,0,0,0,0,0,0,0,0,0,0,0,0,0,0,0,0,0,0,0,0,0,0,0,0,0,0,0,0,0,0,0,0,0,0,0,0,0,0,1,0,0,0,0,0,0,0,1,0,0,0,0,0,0,0,0,0,0,0,0,0,0,0,0,0,0,0,0,0,0,0,0,0,0,0,0,0,0,0,0,0,0,0,0,0,0,3,0,0,0,0,0,0,0,0,0,0,0,0,0,29,0,0,0,0,0,0,0,0,0,0,0,0,0,0,0,0,0,0,0,0,0,0,0,0,0,0,0,0,0,0,0,0,0,0,0,2,0,0,0,0,0,0,0,0,1,0,0,12,1,0,0,0,0,0,0,0,0,0,0,0,0,0,0
2024-11-01,0,0,0,0,0,0,0,0,0,0,0,0,0,0,0,0,0,0,0,0,0,0,0,0,0,0,0,0,2,0,0,0,0,0,0,0,0,0,0,0,0,0,0,0,1,0,0,2,0,0,0,0,0,0,0,0,0,0,0,0,0,0,0,1,0,0,0,0,0,0,0,0,0,0,1,0,0,0,0,0,0,0,0,0,0,0,0,0,0,0,0,0,0,1,0,0,0,0,0,0,0,0,0,0,0,0,0,0,0,0,0,0,0,0,0,0,0,0,0,0,0,0,0,0,0,0,0,0,0,0,0,0,0,0,0,0,0,0,0,0,0,0,0,6,0,0,0,0,0,0,0,0,0,0,0,0,0,0,0,0,0,0,0,2,0,0,0,0,0,0,0,0,0,0,0,0,0,0,0,0,0,0,0,0,0,0,0,0,0,0,11,0,0,0,0,0,0,0,0,0,0,0,0,0,4,0,0,0,0,0,0,1,0,0,0,0,0,0,0,0,0,0,0,0,0,0,0,0,0,0,0,0,0,0,0,0,0,0,0,0,2,0,0,0,0,0,0,0,0,1,4,0,0,1,0,0,0,0,0,0,0,0,0,0,0,0,0,0
2024-12-01,0,0,0,0,0,0,0,0,0,0,0,0,0,1,0,0,0,0,0,0,0,0,0,0,0,0,0,0,0,0,0,0,0,0,0,0,0,0,0,0,0,0,0,0,2,0,0,0,0,0,0,0,0,0,0,0,0,0,0,0,0,0,0,1,0,0,0,0,0,0,0,0,0,0,1,0,0,0,0,0,0,0,0,0,0,0,0,0,0,0,0,0,0,0,0,0,0,0,0,0,0,0,0,0,0,0,0,0,0,0,0,0,0,0,0,0,0,0,0,0,0,0,0,0,0,0,0,0,0,0,0,0,0,0,0,0,0,0,0,0,0,0,0,0,0,0,0,0,0,0,0,0,0,0,0,0,0,0,0,0,0,0,0,4,0,0,0,0,0,0,0,0,0,0,0,0,0,0,0,0,0,0,0,0,0,0,0,0,0,0,11,0,0,0,0,0,0,0,0,0,0,0,0,0,2,0,0,0,0,0,0,0,0,0,0,0,0,0,0,0,0,0,0,0,0,0,0,0,0,0,0,0,0,0,0,0,0,0,0,0,1,0,0,0,0,0,0,0,0,1,0,0,0,1,0,0,0,0,0,0,0,0,0,0,0,0,0,0
2025-01-01,0,0,0,0,0,0,2,0,0,0,0,0,0,1,0,0,0,0,0,0,0,0,0,0,0,0,0,0,0,0,0,0,0,1,0,0,0,0,0,0,0,0,0,0,5,0,0,0,0,0,0,0,0,0,0,0,1,0,0,0,0,0,0,1,0,0,0,0,0,0,0,0,0,0,1,0,0,0,1,0,17,0,0,0,0,0,0,0,0,0,0,0,0,1,0,0,0,0,0,15,0,0,0,0,0,0,0,0,0,0,0,0,1,0,0,0,0,0,0,0,0,0,2,0,0,1,0,0,0,0,0,0,0,0,0,0,0,0,0,0,0,0,0,3,0,0,0,0,0,0,21,1,0,2,0,30,0,0,0,0,0,0,0,7,1,0,0,0,0,0,0,0,0,0,0,0,150,0,0,0,0,0,0,1,0,0,1,0,0,0,13,0,0,0,0,0,0,0,0,0,0,0,0,0,2,0,0,0,0,0,1,0,0,0,0,0,0,0,0,0,0,0,0,0,0,0,0,0,0,0,0,0,0,0,0,0,0,0,0,0,2,0,0,0,0,0,0,0,0,1,0,0,0,1,0,0,0,0,0,0,0,0,0,0,0,0,0,0
2025-02-01,0,0,0,0,0,0,1,0,0,0,0,0,0,0,0,0,1,0,0,0,0,0,0,0,0,1,0,0,0,0,0,0,0,0,0,1,0,0,0,0,0,0,0,0,7,0,0,0,0,0,0,0,0,0,0,0,0,0,0,0,0,0,0,1,1,1,0,0,0,0,0,0,0,0,1,0,0,0,7,0,28,0,0,0,0,0,0,0,0,0,0,0,0,1,0,0,0,0,0,25,0,0,0,0,0,0,0,0,0,0,0,0,1,0,0,0,0,0,0,0,0,0,0,0,0,0,0,0,0,0,0,0,0,0,0,0,0,0,0,0,0,0,0,0,0,0,0,0,0,0,22,1,0,5,0,51,0,0,0,0,0,0,0,290,9,0,1,0,0,2,0,0,0,0,0,0,106,0,0,0,0,0,0,1,0,0,0,0,0,0,0,1,1,0,0,0,0,0,0,0,0,0,0,0,7,0,0,0,0,0,0,0,0,0,0,0,0,0,1,0,0,0,0,0,0,0,0,0,0,0,0,0,1,0,1,0,0,0,0,0,2,0,0,0,0,0,0,0,0,1,1,0,0,1,0,0,0,0,0,0,0,0,0,0,0,0,0,0
2025-03-01,0,0,0,0,1,1,1,0,0,0,0,0,0,0,15,0,0,1,0,1,0,0,0,0,0,20,0,0,0,0,0,0,0,0,1,0,0,0,0,0,0,0,0,0,6,0,0,0,0,0,0,0,0,0,0,0,0,0,0,0,0,0,0,1,3,1,0,0,0,0,0,0,0,0,0,0,0,0,1,0,31,0,0,0,53,4,0,0,2,0,0,0,0,1,0,0,0,0,0,27,0,0,0,0,1,0,0,0,0,0,0,0,1,0,0,0,0,0,0,0,0,0,0,1,0,0,1,1,0,0,0,0,0,0,0,0,0,0,0,1,0,0,0,8,0,0,0,0,0,3,22,2,0,1,0,84,0,0,0,0,0,0,1,0,13,0,0,0,0,0,0,0,0,0,0,0,137,0,0,0,0,0,0,1,0,0,0,0,0,0,0,1,1,0,0,0,0,0,0,0,0,0,0,1,3,0,0,0,0,0,0,0,0,1,1,0,0,0,0,2,0,0,0,0,0,0,0,0,0,0,0,0,0,0,1,2,0,4,0,0,2,0,0,0,0,0,0,6,0,0,1,0,0,1,0,1,0,1,0,0,0,0,0,0,0,0,0,0
2025-04-01,0,0,0,3,3,1,1,0,0,1,0,0,0,0,5,2,0,0,0,7,0,0,0,0,0,19,1,1,0,23,0,6,3,0,0,0,0,0,0,0,0,0,0,0,1,0,0,0,1,2,1,6,0,8,0,0,0,0,4,0,0,0,0,1,2,1,0,0,0,0,0,0,0,0,1,2,0,0,1,0,30,0,0,1,0,0,0,0,0,0,0,1,0,1,1,0,0,1,0,24,0,0,0,15,0,0,0,0,0,0,0,0,1,0,0,0,1,0,1,0,0,0,0,0,0,0,0,0,0,0,0,3,0,0,0,0,1,0,2,0,0,0,2,6,0,0,0,0,0,6,23,3,0,0,0,99,0,0,0,0,4,0,0,0,8,0,0,0,0,31,5,0,0,0,0,0,188,0,0,0,0,0,0,1,2,0,0,0,0,0,0,0,1,0,0,1,0,1,0,0,0,2,0,3,8,0,2,0,0,0,0,0,0,0,0,0,0,0,0,0,0,0,0,0,0,0,0,2,1,0,0,0,0,0,48,0,0,8,2,0,1,1,1,1,0,0,1,0,1,0,2,1,0,1,0,8,0,0,0,30,0,0,0,1,0,2,0,3
2025-05-01,0,14,0,3,0,0,1,0,1,0,1,0,0,0,0,0,1,0,0,2,0,0,0,1,1,7,1,0,0,0,0,0,3,0,0,0,0,2,1,0,0,0,0,0,2,376,0,0,0,1,1,0,0,0,0,1,2,0,0,0,0,0,0,1,12,1,0,0,0,2,14,0,0,0,0,0,0,0,1,1,16,0,0,1,0,0,0,0,0,0,1,0,0,1,0,0,0,0,0,0,0,0,0,13,0,0,0,0,2,0,0,0,1,0,0,1,0,1,0,1,9,1,0,0,1,0,0,0,0,0,0,0,0,0,1,0,3,0,0,0,0,0,0,0,0,0,0,0,1,11,0,3,0,0,0,158,0,0,0,0,4,0,0,0,19,0,0,7,0,0,0,0,1,0,0,0,130,0,0,0,0,2,0,1,0,0,0,0,0,4,0,0,0,0,2,0,0,0,0,0,0,0,0,1,27,5,1,1,0,0,0,0,0,0,0,1,1,0,0,0,0,0,0,0,0,0,8,0,1,0,3,0,0,0,65,0,1,0,0,0,1,0,0,0,0,0,0,0,0,0,3,0,0,1,1,8,0,0,0,30,0,0,0,0,3,0,2,1
2025-06-01,0,20,0,1,5,0,0,0,0,0,0,4,0,0,0,0,0,0,0,3,0,0,1,0,29,3,0,0,0,0,1,0,5,0,0,0,0,0,0,0,1,3,0,0,3,24,1,1,0,9,11,0,0,0,0,0,1,0,0,0,0,2,0,1,0,0,0,1,0,0,0,0,1,0,1,0,0,4,0,0,0,2,1,1,0,0,0,0,0,0,1,0,2,1,0,0,0,0,0,0,0,1,1,22,0,0,5,0,0,0,0,0,0,14,0,5,0,5,0,1,25,1,0,0,0,0,0,0,1,0,5,0,0,0,0,0,0,0,0,0,1,0,0,0,0,1,2,0,0,8,0,5,21,0,0,117,0,0,0,0,1,4,0,0,33,0,0,0,6,0,0,0,1,4,0,0,139,1,2,0,1,5,5,0,0,1,0,0,1,0,0,0,0,0,0,0,1,0,1,1,0,0,0,4,24,0,1,0,0,0,0,0,0,0,0,0,0,1,0,0,2,0,0,0,1,0,9,0,0,2,0,1,0,2,0,0,9,7,0,1,1,0,0,0,2,0,1,0,0,2,1,0,0,1,0,15,3,0,0,31,0,1,0,0,0,0,0,0
2025-07-01,4,3,0,1,0,0,1,1,0,0,0,0,0,0,0,0,0,0,0,3,0,5,0,0,0,0,1,0,0,0,0,0,3,0,0,0,0,0,0,0,0,1,0,0,0,19,0,0,0,5,1,0,0,0,0,0,1,4,0,0,0,0,1,0,0,0,0,0,1,0,0,0,0,1,1,0,0,0,0,0,0,0,1,1,0,0,2,0,0,0,1,0,0,2,0,0,3,0,4,0,1,0,0,32,0,1,0,0,0,2,0,1,0,38,1,0,0,3,0,1,27,1,0,0,0,0,0,0,0,1,0,0,0,4,0,0,2,2,0,0,0,0,2,0,0,0,0,1,0,4,0,4,3,0,0,14,0,2,4,0,3,9,0,0,6,0,0,0,2,0,0,4,1,0,0,1,121,1,1,1,3,0,0,0,0,0,0,0,0,0,0,0,0,0,0,0,8,0,0,0,1,0,0,3,0,0,2,0,0,0,0,0,0,0,0,0,0,0,0,0,0,0,0,0,0,0,0,0,1,0,0,0,0,0,0,0,4,18,0,0,1,0,0,0,20,0,0,0,0,2,2,0,0,0,0,7,6,0,3,29,2,0,0,0,5,0,2,2
2025-08-01,0,1,0,0,0,0,0,1,0,0,0,0,0,0,0,0,0,0,0,1,1,0,0,0,0,0,0,0,0,0,0,0,3,0,0,0,0,0,0,0,0,0,1,0,0,0,0,0,0,1,0,2,1,0,0,0,1,0,0,1,0,0,0,0,0,0,0,0,0,0,0,1,0,0,0,0,0,0,0,0,0,0,1,1,0,0,0,0,0,0,1,0,0,1,0,4,0,0,0,0,0,0,0,23,0,0,0,3,0,0,11,0,0,5,0,0,0,0,0,1,0,1,0,3,0,0,0,0,0,0,0,0,0,0,0,0,1,0,0,0,0,1,0,0,2,0,0,0,0,0,0,1,3,0,0,0,4,0,0,1,1,0,0,0,0,2,2,0,0,28,0,1,0,0,2,0,0,0,0,1,1,0,0,0,0,0,0,0,0,0,0,0,0,3,0,0,0,0,0,0,0,0,1,0,0,0,0,0,0,0,0,0,0,0,0,0,0,0,0,0,0,1,6,1,0,0,0,0,0,0,0,0,0,0,0,0,1,3,0,0,0,0,0,0,0,1,0,0,0,2,1,0,0,0,0,2,0,0,0,1,0,0,2,0,0,0,0,1
